Serial Number,Conrod Name,Conrod Variant,Conrod Size,Small End Diameter,Big End Diameter,Center Distance,Pin Name,Pin Size,Ball Bearing Name,Ball Bearing Variant,Ball Bearing Size,Amount
1,Hero Honda,Local,STD,13,30,92.5,Hero Honda,STD,Hero Honda,Local,STD,10
2,Hero Honda,Local,1,13,30,92.5,Hero Honda,1,Hero Honda,Local,1,10
3,Hero Honda,Local,2,13,30,92.5,Hero Honda,2,Hero Honda,Local,2,10
4,Hero Honda,Local,3,13,30,92.5,Hero Honda,3,Hero Honda,Local,3,10
5,Hero Honda,Local,4,13,30,92.5,Hero Honda,4,Hero Honda,Local,4,10
6,Hero Honda,Local,5,13,30,92.5,Hero Honda,5,Hero Honda,Local,5,10
7,Hero Honda,Local,6,13,30,92.5,Hero Honda,6,Hero Honda,Local,6,10
8,Hero Honda,Local,7,13,30,92.5,Hero Honda,7,Hero Honda,Local,7,10
9,Hero Honda,STD,STD,13,30,92.5,Hero Honda,STD,Hero Honda,STD,STD,10
10,Hero Honda,STD,1,13,30,92.5,Hero Honda,1,Hero Honda,STD,1,10
11,Hero Honda,STD,2,13,30,92.5,Hero Honda,2,Hero Honda,STD,2,10
12,Hero Honda,STD,3,13,30,92.5,Hero Honda,3,Hero Honda,STD,3,10
13,Hero Honda,STD,4,13,30,92.5,Hero Honda,4,Hero Honda,STD,4,10
14,Hero Honda,STD,5,13,30,92.5,Hero Honda,5,Hero Honda,STD,5,10
15,Hero Honda,STD,6,13,30,92.5,Hero Honda,6,Hero Honda,STD,6,10
16,Hero Honda,STD,7,13,30,92.5,Hero Honda,7,Hero Honda,STD,7,10
17,Activa old,Local,STD,13,30,92.5,Activa,STD,Hero Honda,Local,STD,10
18,Activa old,Local,1,13,30,92.5,Activa,1,Hero Honda,Local,1,10
19,Activa old,Local,2,13,30,92.5,Activa,2,Hero Honda,Local,2,10
20,Activa old,Local,3,13,30,92.5,Activa,3,Hero Honda,Local,3,10
21,Activa old,Local,4,13,30,92.5,Activa,4,Hero Honda,Local,4,10
22,Activa old,Local,5,13,30,92.5,Activa,5,Hero Honda,Local,5,10
23,Activa old,Local,6,13,30,92.5,Activa,6,Hero Honda,Local,6,10
24,Activa old,Local,7,13,30,92.5,Activa,7,Hero Honda,Local,7,10
25,Activa old,STD,STD,13,30,92.5,Activa,STD,Hero Honda,STD,STD,10
26,Activa old,STD,1,13,30,92.5,Activa,1,Hero Honda,STD,1,10
27,Activa old,STD,2,13,30,92.5,Activa,2,Hero Honda,STD,2,10
28,Activa old,STD,3,13,30,92.5,Activa,3,Hero Honda,STD,3,10
29,Activa old,STD,4,13,30,92.5,Activa,4,Hero Honda,STD,4,10
30,Activa old,STD,5,13,30,92.5,Activa,5,Hero Honda,STD,5,10
31,Activa old,STD,6,13,30,92.5,Activa,6,Hero Honda,STD,6,10
32,Activa old,STD,7,13,30,92.5,Activa,7,Hero Honda,STD,7,10
33,Activa 110,Local,STD,13,30,92.5,Activa,STD,Hero Honda,Local,STD,10
34,Activa 110,Local,1,13,30,92.5,Activa,1,Hero Honda,Local,1,10
35,Activa 110,Local,2,13,30,92.5,Activa,2,Hero Honda,Local,2,10
36,Activa 110,Local,3,13,30,92.5,Activa,3,Hero Honda,Local,3,10
37,Activa 110,Local,4,13,30,92.5,Activa,4,Hero Honda,Local,4,10
38,Activa 110,Local,5,13,30,92.5,Activa,5,Hero Honda,Local,5,10
39,Activa 110,Local,6,13,30,92.5,Activa,6,Hero Honda,Local,6,10
40,Activa 110,Local,7,13,30,92.5,Activa,7,Hero Honda,Local,7,10
41,Activa 110,STD,STD,13,30,92.5,Activa,STD,Hero Honda,STD,STD,10
42,Activa 110,STD,1,13,30,92.5,Activa,1,Hero Honda,STD,1,10
43,Activa 110,STD,2,13,30,92.5,Activa,2,Hero Honda,STD,2,10
44,Activa 110,STD,3,13,30,92.5,Activa,3,Hero Honda,STD,3,10
45,Activa 110,STD,4,13,30,92.5,Activa,4,Hero Honda,STD,4,10
46,Activa 110,STD,5,13,30,92.5,Activa,5,Hero Honda,STD,5,10
47,Activa 110,STD,6,13,30,92.5,Activa,6,Hero Honda,STD,6,10
48,Activa 110,STD,7,13,30,92.5,Activa,7,Hero Honda,STD,7,10
49,Maestro-Edge,Local,STD,13,30,92.5,Activa,STD,Hero Honda,Local,STD,10
50,Maestro-Edge,Local,1,13,30,92.5,Activa,1,Hero Honda,Local,1,10
51,Maestro-Edge,Local,2,13,30,92.5,Activa,2,Hero Honda,Local,2,10
52,Maestro-Edge,Local,3,13,30,92.5,Activa,3,Hero Honda,Local,3,10
53,Maestro-Edge,Local,4,13,30,92.5,Activa,4,Hero Honda,Local,4,10
54,Maestro-Edge,Local,5,13,30,92.5,Activa,5,Hero Honda,Local,5,10
55,Maestro-Edge,Local,6,13,30,92.5,Activa,6,Hero Honda,Local,6,10
56,Maestro-Edge,Local,7,13,30,92.5,Activa,7,Hero Honda,Local,7,10
57,Maestro-Edge,STD,STD,13,30,92.5,Activa,STD,Hero Honda,STD,STD,10
58,Maestro-Edge,STD,1,13,30,92.5,Activa,1,Hero Honda,STD,1,10
59,Maestro-Edge,STD,2,13,30,92.5,Activa,2,Hero Honda,STD,2,10
60,Maestro-Edge,STD,3,13,30,92.5,Activa,3,Hero Honda,STD,3,10
61,Maestro-Edge,STD,4,13,30,92.5,Activa,4,Hero Honda,STD,4,10
62,Maestro-Edge,STD,5,13,30,92.5,Activa,5,Hero Honda,STD,5,10
63,Maestro-Edge,STD,6,13,30,92.5,Activa,6,Hero Honda,STD,6,10
64,Maestro-Edge,STD,7,13,30,92.5,Activa,7,Hero Honda,STD,7,10
65,Pep plus,Local,STD,13,30,92.5,Pep Plus,STD,Hero Honda,Local,STD,10
66,Pep plus,Local,1,13,30,92.5,Pep Plus,1,Hero Honda,Local,1,10
67,Pep plus,Local,2,13,30,92.5,Pep Plus,2,Hero Honda,Local,2,10
68,Pep plus,Local,3,13,30,92.5,Pep Plus,3,Hero Honda,Local,3,10
69,Pep plus,Local,4,13,30,92.5,Pep Plus,4,Hero Honda,Local,4,10
70,Pep plus,Local,5,13,30,92.5,Pep Plus,5,Hero Honda,Local,5,10
71,Pep plus,Local,6,13,30,92.5,Pep Plus,6,Hero Honda,Local,6,10
72,Pep plus,Local,7,13,30,92.5,Pep Plus,7,Hero Honda,Local,7,10
73,Pep plus,STD,STD,13,30,92.5,Pep Plus,STD,Hero Honda,STD,STD,10
74,Pep plus,STD,1,13,30,92.5,Pep Plus,1,Hero Honda,STD,1,10
75,Pep plus,STD,2,13,30,92.5,Pep Plus,2,Hero Honda,STD,2,10
76,Pep plus,STD,3,13,30,92.5,Pep Plus,3,Hero Honda,STD,3,10
77,Pep plus,STD,4,13,30,92.5,Pep Plus,4,Hero Honda,STD,4,10
78,Pep plus,STD,5,13,30,92.5,Pep Plus,5,Hero Honda,STD,5,10
79,Pep plus,STD,6,13,30,92.5,Pep Plus,6,Hero Honda,STD,6,10
80,Pep plus,STD,7,13,30,92.5,Pep Plus,7,Hero Honda,STD,7,10
81,Star City,Local,STD,13,30,92.5,Star City,STD,Hero Honda,Local,STD,10
82,Star City,Local,1,13,30,92.5,Star City,1,Hero Honda,Local,1,10
83,Star City,Local,2,13,30,92.5,Star City,2,Hero Honda,Local,2,10
84,Star City,Local,3,13,30,92.5,Star City,3,Hero Honda,Local,3,10
85,Star City,Local,4,13,30,92.5,Star City,4,Hero Honda,Local,4,10
86,Star City,Local,5,13,30,92.5,Star City,5,Hero Honda,Local,5,10
87,Star City,Local,6,13,30,92.5,Star City,6,Hero Honda,Local,6,10
88,Star City,Local,7,13,30,92.5,Star City,7,Hero Honda,Local,7,10
89,Star City,STD,STD,13,30,92.5,Star City,STD,Hero Honda,STD,STD,10
90,Star City,STD,1,13,30,92.5,Star City,1,Hero Honda,STD,1,10
91,Star City,STD,2,13,30,92.5,Star City,2,Hero Honda,STD,2,10
92,Star City,STD,3,13,30,92.5,Star City,3,Hero Honda,STD,3,10
93,Star City,STD,4,13,30,92.5,Star City,4,Hero Honda,STD,4,10
94,Star City,STD,5,13,30,92.5,Star City,5,Hero Honda,STD,5,10
95,Star City,STD,6,13,30,92.5,Star City,6,Hero Honda,STD,6,10
96,Star City,STD,7,13,30,92.5,Star City,7,Hero Honda,STD,7,10
97,Centra,Local,STD,13,30,92.5,Centra,STD,Hero Honda,Local,STD,10
98,Centra,Local,1,13,30,92.5,Centra,1,Hero Honda,Local,1,10
99,Centra,Local,2,13,30,92.5,Centra,2,Hero Honda,Local,2,10
100,Centra,Local,3,13,30,92.5,Centra,3,Hero Honda,Local,3,10
101,Centra,Local,4,13,30,92.5,Centra,4,Hero Honda,Local,4,10
102,Centra,Local,5,13,30,92.5,Centra,5,Hero Honda,Local,5,10
103,Centra,Local,6,13,30,92.5,Centra,6,Hero Honda,Local,6,10
104,Centra,Local,7,13,30,92.5,Centra,7,Hero Honda,Local,7,10
105,Centra,STD,STD,13,30,92.5,Centra,STD,Hero Honda,STD,STD,10
106,Centra,STD,1,13,30,92.5,Centra,1,Hero Honda,STD,1,10
107,Centra,STD,2,13,30,92.5,Centra,2,Hero Honda,STD,2,10
108,Centra,STD,3,13,30,92.5,Centra,3,Hero Honda,STD,3,10
109,Centra,STD,4,13,30,92.5,Centra,4,Hero Honda,STD,4,10
110,Centra,STD,5,13,30,92.5,Centra,5,Hero Honda,STD,5,10
111,Centra,STD,6,13,30,92.5,Centra,6,Hero Honda,STD,6,10
112,Centra,STD,7,13,30,92.5,Centra,7,Hero Honda,STD,7,10
113,Super Splendor,Local,STD,13,30,92.5,Hero Honda,STD,Hero Honda,Local,STD,10
114,Super Splendor,Local,1,13,30,92.5,Hero Honda,1,Hero Honda,Local,1,10
115,Super Splendor,Local,2,13,30,92.5,Hero Honda,2,Hero Honda,Local,2,10
116,Super Splendor,Local,3,13,30,92.5,Hero Honda,3,Hero Honda,Local,3,10
117,Super Splendor,Local,4,13,30,92.5,Hero Honda,4,Hero Honda,Local,4,10
118,Super Splendor,Local,5,13,30,92.5,Hero Honda,5,Hero Honda,Local,5,10
119,Super Splendor,Local,6,13,30,92.5,Hero Honda,6,Hero Honda,Local,6,10
120,Super Splendor,Local,7,13,30,92.5,Hero Honda,7,Hero Honda,Local,7,10
121,Super Splendor,STD,STD,13,30,92.5,Hero Honda,STD,Hero Honda,STD,STD,10
122,Super Splendor,STD,1,13,30,92.5,Hero Honda,1,Hero Honda,STD,1,10
123,Super Splendor,STD,2,13,30,92.5,Hero Honda,2,Hero Honda,STD,2,10
124,Super Splendor,STD,3,13,30,92.5,Hero Honda,3,Hero Honda,STD,3,10
125,Super Splendor,STD,4,13,30,92.5,Hero Honda,4,Hero Honda,STD,4,10
126,Super Splendor,STD,5,13,30,92.5,Hero Honda,5,Hero Honda,STD,5,10
127,Super Splendor,STD,6,13,30,92.5,Hero Honda,6,Hero Honda,STD,6,10
128,Super Splendor,STD,7,13,30,92.5,Hero Honda,7,Hero Honda,STD,7,10
129,i-Smart,Local,STD,13,30,92.5,Hero Honda,STD,Hero Honda,Local,STD,10
130,i-Smart,Local,1,13,30,92.5,Hero Honda,1,Hero Honda,Local,1,10
131,i-Smart,Local,2,13,30,92.5,Hero Honda,2,Hero Honda,Local,2,10
132,i-Smart,Local,3,13,30,92.5,Hero Honda,3,Hero Honda,Local,3,10
133,i-Smart,Local,4,13,30,92.5,Hero Honda,4,Hero Honda,Local,4,10
134,i-Smart,Local,5,13,30,92.5,Hero Honda,5,Hero Honda,Local,5,10
135,i-Smart,Local,6,13,30,92.5,Hero Honda,6,Hero Honda,Local,6,10
136,i-Smart,Local,7,13,30,92.5,Hero Honda,7,Hero Honda,Local,7,10
137,i-Smart,STD,STD,13,30,92.5,Hero Honda,STD,Hero Honda,STD,STD,10
138,i-Smart,STD,1,13,30,92.5,Hero Honda,1,Hero Honda,STD,1,10
139,i-Smart,STD,2,13,30,92.5,Hero Honda,2,Hero Honda,STD,2,10
140,i-Smart,STD,3,13,30,92.5,Hero Honda,3,Hero Honda,STD,3,10
141,i-Smart,STD,4,13,30,92.5,Hero Honda,4,Hero Honda,STD,4,10
142,i-Smart,STD,5,13,30,92.5,Hero Honda,5,Hero Honda,STD,5,10
143,i-Smart,STD,6,13,30,92.5,Hero Honda,6,Hero Honda,STD,6,10
144,i-Smart,STD,7,13,30,92.5,Hero Honda,7,Hero Honda,STD,7,10
145,Hayeat,Local,STD,13,30,92.5,Star City,STD,Hero Honda,Local,STD,10
146,Hayeat,Local,1,13,30,92.5,Star City,1,Hero Honda,Local,1,10
147,Hayeat,Local,2,13,30,92.5,Star City,2,Hero Honda,Local,2,10
148,Hayeat,Local,3,13,30,92.5,Star City,3,Hero Honda,Local,3,10
149,Hayeat,Local,4,13,30,92.5,Star City,4,Hero Honda,Local,4,10
150,Hayeat,Local,5,13,30,92.5,Star City,5,Hero Honda,Local,5,10
151,Hayeat,Local,6,13,30,92.5,Star City,6,Hero Honda,Local,6,10
152,Hayeat,Local,7,13,30,92.5,Star City,7,Hero Honda,Local,7,10
153,Hayeat,STD,STD,13,30,92.5,Star City,STD,Hero Honda,STD,STD,10
154,Hayeat,STD,1,13,30,92.5,Star City,1,Hero Honda,STD,1,10
155,Hayeat,STD,2,13,30,92.5,Star City,2,Hero Honda,STD,2,10
156,Hayeat,STD,3,13,30,92.5,Star City,3,Hero Honda,STD,3,10
157,Hayeat,STD,4,13,30,92.5,Star City,4,Hero Honda,STD,4,10
158,Hayeat,STD,5,13,30,92.5,Star City,5,Hero Honda,STD,5,10
159,Hayeat,STD,6,13,30,92.5,Star City,6,Hero Honda,STD,6,10
160,Hayeat,STD,7,13,30,92.5,Star City,7,Hero Honda,STD,7,10
161,Caliber,Local,STD,13,30,92.5,Caliber,STD,Caliber,Local,STD,10
162,Caliber,Local,1,13,30,92.5,Caliber,1,Caliber,Local,1,10
163,Caliber,Local,2,13,30,92.5,Caliber,2,Caliber,Local,2,10
164,Caliber,Local,3,13,30,92.5,Caliber,3,Caliber,Local,3,10
165,Caliber,Local,4,13,30,92.5,Caliber,4,Caliber,Local,4,10
166,Caliber,Local,5,13,30,92.5,Caliber,5,Caliber,Local,5,10
167,Caliber,Local,6,13,30,92.5,Caliber,6,Caliber,Local,6,10
168,Caliber,Local,7,13,30,92.5,Caliber,7,Caliber,Local,7,10
169,Caliber,STD,STD,13,30,92.5,Caliber,STD,Caliber,STD,STD,10
170,Caliber,STD,1,13,30,92.5,Caliber,1,Caliber,STD,1,10
171,Caliber,STD,2,13,30,92.5,Caliber,2,Caliber,STD,2,10
172,Caliber,STD,3,13,30,92.5,Caliber,3,Caliber,STD,3,10
173,Caliber,STD,4,13,30,92.5,Caliber,4,Caliber,STD,4,10
174,Caliber,STD,5,13,30,92.5,Caliber,5,Caliber,STD,5,10
175,Caliber,STD,6,13,30,92.5,Caliber,6,Caliber,STD,6,10
176,Caliber,STD,7,13,30,92.5,Caliber,7,Caliber,STD,7,10
177,CT-100,Local,STD,13,30,92.5,Caliber,STD,Caliber,Local,STD,10
178,CT-100,Local,1,13,30,92.5,Caliber,1,Caliber,Local,1,10
179,CT-100,Local,2,13,30,92.5,Caliber,2,Caliber,Local,2,10
180,CT-100,Local,3,13,30,92.5,Caliber,3,Caliber,Local,3,10
181,CT-100,Local,4,13,30,92.5,Caliber,4,Caliber,Local,4,10
182,CT-100,Local,5,13,30,92.5,Caliber,5,Caliber,Local,5,10
183,CT-100,Local,6,13,30,92.5,Caliber,6,Caliber,Local,6,10
184,CT-100,Local,7,13,30,92.5,Caliber,7,Caliber,Local,7,10
185,CT-100,STD,STD,13,30,92.5,Caliber,STD,Caliber,STD,STD,10
186,CT-100,STD,1,13,30,92.5,Caliber,1,Caliber,STD,1,10
187,CT-100,STD,2,13,30,92.5,Caliber,2,Caliber,STD,2,10
188,CT-100,STD,3,13,30,92.5,Caliber,3,Caliber,STD,3,10
189,CT-100,STD,4,13,30,92.5,Caliber,4,Caliber,STD,4,10
190,CT-100,STD,5,13,30,92.5,Caliber,5,Caliber,STD,5,10
191,CT-100,STD,6,13,30,92.5,Caliber,6,Caliber,STD,6,10
192,CT-100,STD,7,13,30,92.5,Caliber,7,Caliber,STD,7,10
193,Duro,Local,STD,13,30,92.5,Duro,STD,Caliber,Local,STD,10
194,Duro,Local,1,13,30,92.5,Duro,1,Caliber,Local,1,10
195,Duro,Local,2,13,30,92.5,Duro,2,Caliber,Local,2,10
196,Duro,Local,3,13,30,92.5,Duro,3,Caliber,Local,3,10
197,Duro,Local,4,13,30,92.5,Duro,4,Caliber,Local,4,10
198,Duro,Local,5,13,30,92.5,Duro,5,Caliber,Local,5,10
199,Duro,Local,6,13,30,92.5,Duro,6,Caliber,Local,6,10
200,Duro,Local,7,13,30,92.5,Duro,7,Caliber,Local,7,10
201,Duro,STD,STD,13,30,92.5,Duro,STD,Caliber,STD,STD,10
202,Duro,STD,1,13,30,92.5,Duro,1,Caliber,STD,1,10
203,Duro,STD,2,13,30,92.5,Duro,2,Caliber,STD,2,10
204,Duro,STD,3,13,30,92.5,Duro,3,Caliber,STD,3,10
205,Duro,STD,4,13,30,92.5,Duro,4,Caliber,STD,4,10
206,Duro,STD,5,13,30,92.5,Duro,5,Caliber,STD,5,10
207,Duro,STD,6,13,30,92.5,Duro,6,Caliber,STD,6,10
208,Duro,STD,7,13,30,92.5,Duro,7,Caliber,STD,7,10
209,Super Splendor New,Local,STD,13,30,92.5,Twister,STD,Caliber,Local,STD,10
210,Super Splendor New,Local,1,13,30,92.5,Twister,1,Caliber,Local,1,10
211,Super Splendor New,Local,2,13,30,92.5,Twister,2,Caliber,Local,2,10
212,Super Splendor New,Local,3,13,30,92.5,Twister,3,Caliber,Local,3,10
213,Super Splendor New,Local,4,13,30,92.5,Twister,4,Caliber,Local,4,10
214,Super Splendor New,Local,5,13,30,92.5,Twister,5,Caliber,Local,5,10
215,Super Splendor New,Local,6,13,30,92.5,Twister,6,Caliber,Local,6,10
216,Super Splendor New,Local,7,13,30,92.5,Twister,7,Caliber,Local,7,10
217,Super Splendor New,STD,STD,13,30,92.5,Twister,STD,Caliber,STD,STD,10
218,Super Splendor New,STD,1,13,30,92.5,Twister,1,Caliber,STD,1,10
219,Super Splendor New,STD,2,13,30,92.5,Twister,2,Caliber,STD,2,10
220,Super Splendor New,STD,3,13,30,92.5,Twister,3,Caliber,STD,3,10
221,Super Splendor New,STD,4,13,30,92.5,Twister,4,Caliber,STD,4,10
222,Super Splendor New,STD,5,13,30,92.5,Twister,5,Caliber,STD,5,10
223,Super Splendor New,STD,6,13,30,92.5,Twister,6,Caliber,STD,6,10
224,Super Splendor New,STD,7,13,30,92.5,Twister,7,Caliber,STD,7,10
225,Victor GL,Local,STD,13,30,92.5,Victor,STD,Caliber,Local,STD,10
226,Victor GL,Local,1,13,30,92.5,Victor,1,Caliber,Local,1,10
227,Victor GL,Local,2,13,30,92.5,Victor,2,Caliber,Local,2,10
228,Victor GL,Local,3,13,30,92.5,Victor,3,Caliber,Local,3,10
229,Victor GL,Local,4,13,30,92.5,Victor,4,Caliber,Local,4,10
230,Victor GL,Local,5,13,30,92.5,Victor,5,Caliber,Local,5,10
231,Victor GL,Local,6,13,30,92.5,Victor,6,Caliber,Local,6,10
232,Victor GL,Local,7,13,30,92.5,Victor,7,Caliber,Local,7,10
233,Victor GL,STD,STD,13,30,92.5,Victor,STD,Caliber,STD,STD,10
234,Victor GL,STD,1,13,30,92.5,Victor,1,Caliber,STD,1,10
235,Victor GL,STD,2,13,30,92.5,Victor,2,Caliber,STD,2,10
236,Victor GL,STD,3,13,30,92.5,Victor,3,Caliber,STD,3,10
237,Victor GL,STD,4,13,30,92.5,Victor,4,Caliber,STD,4,10
238,Victor GL,STD,5,13,30,92.5,Victor,5,Caliber,STD,5,10
239,Victor GL,STD,6,13,30,92.5,Victor,6,Caliber,STD,6,10
240,Victor GL,STD,7,13,30,92.5,Victor,7,Caliber,STD,7,10
241,Star Sport,Local,STD,13,30,92.5,Victor,STD,Caliber,Local,STD,10
242,Star Sport,Local,1,13,30,92.5,Victor,1,Caliber,Local,1,10
243,Star Sport,Local,2,13,30,92.5,Victor,2,Caliber,Local,2,10
244,Star Sport,Local,3,13,30,92.5,Victor,3,Caliber,Local,3,10
245,Star Sport,Local,4,13,30,92.5,Victor,4,Caliber,Local,4,10
246,Star Sport,Local,5,13,30,92.5,Victor,5,Caliber,Local,5,10
247,Star Sport,Local,6,13,30,92.5,Victor,6,Caliber,Local,6,10
248,Star Sport,Local,7,13,30,92.5,Victor,7,Caliber,Local,7,10
249,Star Sport,STD,STD,13,30,92.5,Victor,STD,Caliber,STD,STD,10
250,Star Sport,STD,1,13,30,92.5,Victor,1,Caliber,STD,1,10
251,Star Sport,STD,2,13,30,92.5,Victor,2,Caliber,STD,2,10
252,Star Sport,STD,3,13,30,92.5,Victor,3,Caliber,STD,3,10
253,Star Sport,STD,4,13,30,92.5,Victor,4,Caliber,STD,4,10
254,Star Sport,STD,5,13,30,92.5,Victor,5,Caliber,STD,5,10
255,Star Sport,STD,6,13,30,92.5,Victor,6,Caliber,STD,6,10
256,Star Sport,STD,7,13,30,92.5,Victor,7,Caliber,STD,7,10
257,Star Sport ++,Local,STD,13,30,92.5,Victor,STD,Caliber,Local,STD,10
258,Star Sport ++,Local,1,13,30,92.5,Victor,1,Caliber,Local,1,10
259,Star Sport ++,Local,2,13,30,92.5,Victor,2,Caliber,Local,2,10
260,Star Sport ++,Local,3,13,30,92.5,Victor,3,Caliber,Local,3,10
261,Star Sport ++,Local,4,13,30,92.5,Victor,4,Caliber,Local,4,10
262,Star Sport ++,Local,5,13,30,92.5,Victor,5,Caliber,Local,5,10
263,Star Sport ++,Local,6,13,30,92.5,Victor,6,Caliber,Local,6,10
264,Star Sport ++,Local,7,13,30,92.5,Victor,7,Caliber,Local,7,10
265,Star Sport ++,STD,STD,13,30,92.5,Victor,STD,Caliber,STD,STD,10
266,Star Sport ++,STD,1,13,30,92.5,Victor,1,Caliber,STD,1,10
267,Star Sport ++,STD,2,13,30,92.5,Victor,2,Caliber,STD,2,10
268,Star Sport ++,STD,3,13,30,92.5,Victor,3,Caliber,STD,3,10
269,Star Sport ++,STD,4,13,30,92.5,Victor,4,Caliber,STD,4,10
270,Star Sport ++,STD,5,13,30,92.5,Victor,5,Caliber,STD,5,10
271,Star Sport ++,STD,6,13,30,92.5,Victor,6,Caliber,STD,6,10
272,Star Sport ++,STD,7,13,30,92.5,Victor,7,Caliber,STD,7,10
273,Star City ++,Local,STD,13,30,92.5,Victor,STD,Caliber,Local,STD,10
274,Star City ++,Local,1,13,30,92.5,Victor,1,Caliber,Local,1,10
275,Star City ++,Local,2,13,30,92.5,Victor,2,Caliber,Local,2,10
276,Star City ++,Local,3,13,30,92.5,Victor,3,Caliber,Local,3,10
277,Star City ++,Local,4,13,30,92.5,Victor,4,Caliber,Local,4,10
278,Star City ++,Local,5,13,30,92.5,Victor,5,Caliber,Local,5,10
279,Star City ++,Local,6,13,30,92.5,Victor,6,Caliber,Local,6,10
280,Star City ++,Local,7,13,30,92.5,Victor,7,Caliber,Local,7,10
281,Star City ++,STD,STD,13,30,92.5,Victor,STD,Caliber,STD,STD,10
282,Star City ++,STD,1,13,30,92.5,Victor,1,Caliber,STD,1,10
283,Star City ++,STD,2,13,30,92.5,Victor,2,Caliber,STD,2,10
284,Star City ++,STD,3,13,30,92.5,Victor,3,Caliber,STD,3,10
285,Star City ++,STD,4,13,30,92.5,Victor,4,Caliber,STD,4,10
286,Star City ++,STD,5,13,30,92.5,Victor,5,Caliber,STD,5,10
287,Star City ++,STD,6,13,30,92.5,Victor,6,Caliber,STD,6,10
288,Star City ++,STD,7,13,30,92.5,Victor,7,Caliber,STD,7,10
289,Wego / Jupiter,Local,STD,13,30,92.5,Wego,STD,Caliber,Local,STD,10
290,Wego / Jupiter,Local,1,13,30,92.5,Wego,1,Caliber,Local,1,10
291,Wego / Jupiter,Local,2,13,30,92.5,Wego,2,Caliber,Local,2,10
292,Wego / Jupiter,Local,3,13,30,92.5,Wego,3,Caliber,Local,3,10
293,Wego / Jupiter,Local,4,13,30,92.5,Wego,4,Caliber,Local,4,10
294,Wego / Jupiter,Local,5,13,30,92.5,Wego,5,Caliber,Local,5,10
295,Wego / Jupiter,Local,6,13,30,92.5,Wego,6,Caliber,Local,6,10
296,Wego / Jupiter,Local,7,13,30,92.5,Wego,7,Caliber,Local,7,10
297,Wego / Jupiter,STD,STD,13,30,92.5,Wego,STD,Caliber,STD,STD,10
298,Wego / Jupiter,STD,1,13,30,92.5,Wego,1,Caliber,STD,1,10
299,Wego / Jupiter,STD,2,13,30,92.5,Wego,2,Caliber,STD,2,10
300,Wego / Jupiter,STD,3,13,30,92.5,Wego,3,Caliber,STD,3,10
301,Wego / Jupiter,STD,4,13,30,92.5,Wego,4,Caliber,STD,4,10
302,Wego / Jupiter,STD,5,13,30,92.5,Wego,5,Caliber,STD,5,10
303,Wego / Jupiter,STD,6,13,30,92.5,Wego,6,Caliber,STD,6,10
304,Wego / Jupiter,STD,7,13,30,92.5,Wego,7,Caliber,STD,7,10
305,XL - 100,Local,STD,13,30,92.5,XL - 100,STD,Caliber,Local,STD,10
306,XL - 100,Local,1,13,30,92.5,XL - 100,1,Caliber,Local,1,10
307,XL - 100,Local,2,13,30,92.5,XL - 100,2,Caliber,Local,2,10
308,XL - 100,Local,3,13,30,92.5,XL - 100,3,Caliber,Local,3,10
309,XL - 100,Local,4,13,30,92.5,XL - 100,4,Caliber,Local,4,10
310,XL - 100,Local,5,13,30,92.5,XL - 100,5,Caliber,Local,5,10
311,XL - 100,Local,6,13,30,92.5,XL - 100,6,Caliber,Local,6,10
312,XL - 100,Local,7,13,30,92.5,XL - 100,7,Caliber,Local,7,10
313,XL - 100,STD,STD,13,30,92.5,XL - 100,STD,Caliber,STD,STD,10
314,XL - 100,STD,1,13,30,92.5,XL - 100,1,Caliber,STD,1,10
315,XL - 100,STD,2,13,30,92.5,XL - 100,2,Caliber,STD,2,10
316,XL - 100,STD,3,13,30,92.5,XL - 100,3,Caliber,STD,3,10
317,XL - 100,STD,4,13,30,92.5,XL - 100,4,Caliber,STD,4,10
318,XL - 100,STD,5,13,30,92.5,XL - 100,5,Caliber,STD,5,10
319,XL - 100,STD,6,13,30,92.5,XL - 100,6,Caliber,STD,6,10
320,XL - 100,STD,7,13,30,92.5,XL - 100,7,Caliber,STD,7,10
321,Activa - HET,Local,STD,13,30,92.5,HET,STD,HET,Local,STD,10
322,Activa - HET,Local,1,13,30,92.5,HET,1,HET,Local,1,10
323,Activa - HET,Local,2,13,30,92.5,HET,2,HET,Local,2,10
324,Activa - HET,Local,3,13,30,92.5,HET,3,HET,Local,3,10
325,Activa - HET,Local,4,13,30,92.5,HET,4,HET,Local,4,10
326,Activa - HET,Local,5,13,30,92.5,HET,5,HET,Local,5,10
327,Activa - HET,Local,6,13,30,92.5,HET,6,HET,Local,6,10
328,Activa - HET,Local,7,13,30,92.5,HET,7,HET,Local,7,10
329,Activa - HET,STD,STD,13,30,92.5,HET,STD,HET,STD,STD,10
330,Activa - HET,STD,1,13,30,92.5,HET,1,HET,STD,1,10
331,Activa - HET,STD,2,13,30,92.5,HET,2,HET,STD,2,10
332,Activa - HET,STD,3,13,30,92.5,HET,3,HET,STD,3,10
333,Activa - HET,STD,4,13,30,92.5,HET,4,HET,STD,4,10
334,Activa - HET,STD,5,13,30,92.5,HET,5,HET,STD,5,10
335,Activa - HET,STD,6,13,30,92.5,HET,6,HET,STD,6,10
336,Activa - HET,STD,7,13,30,92.5,HET,7,HET,STD,7,10
337,Activa - HET 125,Local,STD,13,30,92.5,HET,STD,HET,Local,STD,10
338,Activa - HET 125,Local,1,13,30,92.5,HET,1,HET,Local,1,10
339,Activa - HET 125,Local,2,13,30,92.5,HET,2,HET,Local,2,10
340,Activa - HET 125,Local,3,13,30,92.5,HET,3,HET,Local,3,10
341,Activa - HET 125,Local,4,13,30,92.5,HET,4,HET,Local,4,10
342,Activa - HET 125,Local,5,13,30,92.5,HET,5,HET,Local,5,10
343,Activa - HET 125,Local,6,13,30,92.5,HET,6,HET,Local,6,10
344,Activa - HET 125,Local,7,13,30,92.5,HET,7,HET,Local,7,10
345,Activa - HET 125,STD,STD,13,30,92.5,HET,STD,HET,STD,STD,10
346,Activa - HET 125,STD,1,13,30,92.5,HET,1,HET,STD,1,10
347,Activa - HET 125,STD,2,13,30,92.5,HET,2,HET,STD,2,10
348,Activa - HET 125,STD,3,13,30,92.5,HET,3,HET,STD,3,10
349,Activa - HET 125,STD,4,13,30,92.5,HET,4,HET,STD,4,10
350,Activa - HET 125,STD,5,13,30,92.5,HET,5,HET,STD,5,10
351,Activa - HET 125,STD,6,13,30,92.5,HET,6,HET,STD,6,10
352,Activa - HET 125,STD,7,13,30,92.5,HET,7,HET,STD,7,10
353,Twister,Local,STD,13,30,92.5,Twister,STD,HET,Local,STD,10
354,Twister,Local,1,13,30,92.5,Twister,1,HET,Local,1,10
355,Twister,Local,2,13,30,92.5,Twister,2,HET,Local,2,10
356,Twister,Local,3,13,30,92.5,Twister,3,HET,Local,3,10
357,Twister,Local,4,13,30,92.5,Twister,4,HET,Local,4,10
358,Twister,Local,5,13,30,92.5,Twister,5,HET,Local,5,10
359,Twister,Local,6,13,30,92.5,Twister,6,HET,Local,6,10
360,Twister,Local,7,13,30,92.5,Twister,7,HET,Local,7,10
361,Twister,STD,STD,13,30,92.5,Twister,STD,HET,STD,STD,10
362,Twister,STD,1,13,30,92.5,Twister,1,HET,STD,1,10
363,Twister,STD,2,13,30,92.5,Twister,2,HET,STD,2,10
364,Twister,STD,3,13,30,92.5,Twister,3,HET,STD,3,10
365,Twister,STD,4,13,30,92.5,Twister,4,HET,STD,4,10
366,Twister,STD,5,13,30,92.5,Twister,5,HET,STD,5,10
367,Twister,STD,6,13,30,92.5,Twister,6,HET,STD,6,10
368,Twister,STD,7,13,30,92.5,Twister,7,HET,STD,7,10
369,Dream Yuga,Local,STD,13,30,92.5,Twister,STD,HET,Local,STD,10
370,Dream Yuga,Local,1,13,30,92.5,Twister,1,HET,Local,1,10
371,Dream Yuga,Local,2,13,30,92.5,Twister,2,HET,Local,2,10
372,Dream Yuga,Local,3,13,30,92.5,Twister,3,HET,Local,3,10
373,Dream Yuga,Local,4,13,30,92.5,Twister,4,HET,Local,4,10
374,Dream Yuga,Local,5,13,30,92.5,Twister,5,HET,Local,5,10
375,Dream Yuga,Local,6,13,30,92.5,Twister,6,HET,Local,6,10
376,Dream Yuga,Local,7,13,30,92.5,Twister,7,HET,Local,7,10
377,Dream Yuga,STD,STD,13,30,92.5,Twister,STD,HET,STD,STD,10
378,Dream Yuga,STD,1,13,30,92.5,Twister,1,HET,STD,1,10
379,Dream Yuga,STD,2,13,30,92.5,Twister,2,HET,STD,2,10
380,Dream Yuga,STD,3,13,30,92.5,Twister,3,HET,STD,3,10
381,Dream Yuga,STD,4,13,30,92.5,Twister,4,HET,STD,4,10
382,Dream Yuga,STD,5,13,30,92.5,Twister,5,HET,STD,5,10
383,Dream Yuga,STD,6,13,30,92.5,Twister,6,HET,STD,6,10
384,Dream Yuga,STD,7,13,30,92.5,Twister,7,HET,STD,7,10
385,Activa 125 New,Local,STD,13,30,92.5,HET,STD,HET,Local,STD,10
386,Activa 125 New,Local,1,13,30,92.5,HET,1,HET,Local,1,10
387,Activa 125 New,Local,2,13,30,92.5,HET,2,HET,Local,2,10
388,Activa 125 New,Local,3,13,30,92.5,HET,3,HET,Local,3,10
389,Activa 125 New,Local,4,13,30,92.5,HET,4,HET,Local,4,10
390,Activa 125 New,Local,5,13,30,92.5,HET,5,HET,Local,5,10
391,Activa 125 New,Local,6,13,30,92.5,HET,6,HET,Local,6,10
392,Activa 125 New,Local,7,13,30,92.5,HET,7,HET,Local,7,10
393,Activa 125 New,STD,STD,13,30,92.5,HET,STD,HET,STD,STD,10
394,Activa 125 New,STD,1,13,30,92.5,HET,1,HET,STD,1,10
395,Activa 125 New,STD,2,13,30,92.5,HET,2,HET,STD,2,10
396,Activa 125 New,STD,3,13,30,92.5,HET,3,HET,STD,3,10
397,Activa 125 New,STD,4,13,30,92.5,HET,4,HET,STD,4,10
398,Activa 125 New,STD,5,13,30,92.5,HET,5,HET,STD,5,10
399,Activa 125 New,STD,6,13,30,92.5,HET,6,HET,STD,6,10
400,Activa 125 New,STD,7,13,30,92.5,HET,7,HET,STD,7,10
401,Platina ES,Local,STD,13,30,92.5,Victor,STD,HET,Local,STD,10
402,Platina ES,Local,1,13,30,92.5,Victor,1,HET,Local,1,10
403,Platina ES,Local,2,13,30,92.5,Victor,2,HET,Local,2,10
404,Platina ES,Local,3,13,30,92.5,Victor,3,HET,Local,3,10
405,Platina ES,Local,4,13,30,92.5,Victor,4,HET,Local,4,10
406,Platina ES,Local,5,13,30,92.5,Victor,5,HET,Local,5,10
407,Platina ES,Local,6,13,30,92.5,Victor,6,HET,Local,6,10
408,Platina ES,Local,7,13,30,92.5,Victor,7,HET,Local,7,10
409,Platina ES,STD,STD,13,30,92.5,Victor,STD,HET,STD,STD,10
410,Platina ES,STD,1,13,30,92.5,Victor,1,HET,STD,1,10
411,Platina ES,STD,2,13,30,92.5,Victor,2,HET,STD,2,10
412,Platina ES,STD,3,13,30,92.5,Victor,3,HET,STD,3,10
413,Platina ES,STD,4,13,30,92.5,Victor,4,HET,STD,4,10
414,Platina ES,STD,5,13,30,92.5,Victor,5,HET,STD,5,10
415,Platina ES,STD,6,13,30,92.5,Victor,6,HET,STD,6,10
416,Platina ES,STD,7,13,30,92.5,Victor,7,HET,STD,7,10
417,Livo,Local,STD,13,30,92.5,Caliber,STD,HET,Local,STD,10
418,Livo,Local,1,13,30,92.5,Caliber,1,HET,Local,1,10
419,Livo,Local,2,13,30,92.5,Caliber,2,HET,Local,2,10
420,Livo,Local,3,13,30,92.5,Caliber,3,HET,Local,3,10
421,Livo,Local,4,13,30,92.5,Caliber,4,HET,Local,4,10
422,Livo,Local,5,13,30,92.5,Caliber,5,HET,Local,5,10
423,Livo,Local,6,13,30,92.5,Caliber,6,HET,Local,6,10
424,Livo,Local,7,13,30,92.5,Caliber,7,HET,Local,7,10
425,Livo,STD,STD,13,30,92.5,Caliber,STD,HET,STD,STD,10
426,Livo,STD,1,13,30,92.5,Caliber,1,HET,STD,1,10
427,Livo,STD,2,13,30,92.5,Caliber,2,HET,STD,2,10
428,Livo,STD,3,13,30,92.5,Caliber,3,HET,STD,3,10
429,Livo,STD,4,13,30,92.5,Caliber,4,HET,STD,4,10
430,Livo,STD,5,13,30,92.5,Caliber,5,HET,STD,5,10
431,Livo,STD,6,13,30,92.5,Caliber,6,HET,STD,6,10
432,Livo,STD,7,13,30,92.5,Caliber,7,HET,STD,7,10
433,Hero Splendor BS6,Local,STD,13,30,92.5,Twister,STD,HET,Local,STD,10
434,Hero Splendor BS6,Local,1,13,30,92.5,Twister,1,HET,Local,1,10
435,Hero Splendor BS6,Local,2,13,30,92.5,Twister,2,HET,Local,2,10
436,Hero Splendor BS6,Local,3,13,30,92.5,Twister,3,HET,Local,3,10
437,Hero Splendor BS6,Local,4,13,30,92.5,Twister,4,HET,Local,4,10
438,Hero Splendor BS6,Local,5,13,30,92.5,Twister,5,HET,Local,5,10
439,Hero Splendor BS6,Local,6,13,30,92.5,Twister,6,HET,Local,6,10
440,Hero Splendor BS6,Local,7,13,30,92.5,Twister,7,HET,Local,7,10
441,Hero Splendor BS6,STD,STD,13,30,92.5,Twister,STD,HET,STD,STD,10
442,Hero Splendor BS6,STD,1,13,30,92.5,Twister,1,HET,STD,1,10
443,Hero Splendor BS6,STD,2,13,30,92.5,Twister,2,HET,STD,2,10
444,Hero Splendor BS6,STD,3,13,30,92.5,Twister,3,HET,STD,3,10
445,Hero Splendor BS6,STD,4,13,30,92.5,Twister,4,HET,STD,4,10
446,Hero Splendor BS6,STD,5,13,30,92.5,Twister,5,HET,STD,5,10
447,Hero Splendor BS6,STD,6,13,30,92.5,Twister,6,HET,STD,6,10
448,Hero Splendor BS6,STD,7,13,30,92.5,Twister,7,HET,STD,7,10
449,Destini - 125,Local,STD,13,30,92.5,HET,STD,HET,Local,STD,10
450,Destini - 125,Local,1,13,30,92.5,HET,1,HET,Local,1,10
451,Destini - 125,Local,2,13,30,92.5,HET,2,HET,Local,2,10
452,Destini - 125,Local,3,13,30,92.5,HET,3,HET,Local,3,10
453,Destini - 125,Local,4,13,30,92.5,HET,4,HET,Local,4,10
454,Destini - 125,Local,5,13,30,92.5,HET,5,HET,Local,5,10
455,Destini - 125,Local,6,13,30,92.5,HET,6,HET,Local,6,10
456,Destini - 125,Local,7,13,30,92.5,HET,7,HET,Local,7,10
457,Destini - 125,STD,STD,13,30,92.5,HET,STD,HET,STD,STD,10
458,Destini - 125,STD,1,13,30,92.5,HET,1,HET,STD,1,10
459,Destini - 125,STD,2,13,30,92.5,HET,2,HET,STD,2,10
460,Destini - 125,STD,3,13,30,92.5,HET,3,HET,STD,3,10
461,Destini - 125,STD,4,13,30,92.5,HET,4,HET,STD,4,10
462,Destini - 125,STD,5,13,30,92.5,HET,5,HET,STD,5,10
463,Destini - 125,STD,6,13,30,92.5,HET,6,HET,STD,6,10
464,Destini - 125,STD,7,13,30,92.5,HET,7,HET,STD,7,10
465,KB45,Local,STD,13,30,92.5,KB45,STD,KB45,Local,STD,10
466,KB45,Local,1,13,30,92.5,KB45,1,KB45,Local,1,10
467,KB45,Local,2,13,30,92.5,KB45,2,KB45,Local,2,10
468,KB45,Local,3,13,30,92.5,KB45,3,KB45,Local,3,10
469,KB45,Local,4,13,30,92.5,KB45,4,KB45,Local,4,10
470,KB45,Local,5,13,30,92.5,KB45,5,KB45,Local,5,10
471,KB45,Local,6,13,30,92.5,KB45,6,KB45,Local,6,10
472,KB45,Local,7,13,30,92.5,KB45,7,KB45,Local,7,10
473,KB45,STD,STD,13,30,92.5,KB45,STD,KB45,STD,STD,10
474,KB45,STD,1,13,30,92.5,KB45,1,KB45,STD,1,10
475,KB45,STD,2,13,30,92.5,KB45,2,KB45,STD,2,10
476,KB45,STD,3,13,30,92.5,KB45,3,KB45,STD,3,10
477,KB45,STD,4,13,30,92.5,KB45,4,KB45,STD,4,10
478,KB45,STD,5,13,30,92.5,KB45,5,KB45,STD,5,10
479,KB45,STD,6,13,30,92.5,KB45,6,KB45,STD,6,10
480,KB45,STD,7,13,30,92.5,KB45,7,KB45,STD,7,10
481,D - 100 Old,Local,STD,13,30,92.5,D - 100,STD,KB45,Local,STD,10
482,D - 100 Old,Local,1,13,30,92.5,D - 100,1,KB45,Local,1,10
483,D - 100 Old,Local,2,13,30,92.5,D - 100,2,KB45,Local,2,10
484,D - 100 Old,Local,3,13,30,92.5,D - 100,3,KB45,Local,3,10
485,D - 100 Old,Local,4,13,30,92.5,D - 100,4,KB45,Local,4,10
486,D - 100 Old,Local,5,13,30,92.5,D - 100,5,KB45,Local,5,10
487,D - 100 Old,Local,6,13,30,92.5,D - 100,6,KB45,Local,6,10
488,D - 100 Old,Local,7,13,30,92.5,D - 100,7,KB45,Local,7,10
489,D - 100 Old,STD,STD,13,30,92.5,D - 100,STD,KB45,STD,STD,10
490,D - 100 Old,STD,1,13,30,92.5,D - 100,1,KB45,STD,1,10
491,D - 100 Old,STD,2,13,30,92.5,D - 100,2,KB45,STD,2,10
492,D - 100 Old,STD,3,13,30,92.5,D - 100,3,KB45,STD,3,10
493,D - 100 Old,STD,4,13,30,92.5,D - 100,4,KB45,STD,4,10
494,D - 100 Old,STD,5,13,30,92.5,D - 100,5,KB45,STD,5,10
495,D - 100 Old,STD,6,13,30,92.5,D - 100,6,KB45,STD,6,10
496,D - 100 Old,STD,7,13,30,92.5,D - 100,7,KB45,STD,7,10
497,D - 100 New,Local,STD,13,30,92.5,D - 100,STD,KB45,Local,STD,10
498,D - 100 New,Local,1,13,30,92.5,D - 100,1,KB45,Local,1,10
499,D - 100 New,Local,2,13,30,92.5,D - 100,2,KB45,Local,2,10
500,D - 100 New,Local,3,13,30,92.5,D - 100,3,KB45,Local,3,10
501,D - 100 New,Local,4,13,30,92.5,D - 100,4,KB45,Local,4,10
502,D - 100 New,Local,5,13,30,92.5,D - 100,5,KB45,Local,5,10
503,D - 100 New,Local,6,13,30,92.5,D - 100,6,KB45,Local,6,10
504,D - 100 New,Local,7,13,30,92.5,D - 100,7,KB45,Local,7,10
505,D - 100 New,STD,STD,13,30,92.5,D - 100,STD,KB45,STD,STD,10
506,D - 100 New,STD,1,13,30,92.5,D - 100,1,KB45,STD,1,10
507,D - 100 New,STD,2,13,30,92.5,D - 100,2,KB45,STD,2,10
508,D - 100 New,STD,3,13,30,92.5,D - 100,3,KB45,STD,3,10
509,D - 100 New,STD,4,13,30,92.5,D - 100,4,KB45,STD,4,10
510,D - 100 New,STD,5,13,30,92.5,D - 100,5,KB45,STD,5,10
511,D - 100 New,STD,6,13,30,92.5,D - 100,6,KB45,STD,6,10
512,D - 100 New,STD,7,13,30,92.5,D - 100,7,KB45,STD,7,10
513,Piago Vespa,Local,STD,13,30,92.5,Vespa,STD,Unicorn,Local,STD,10
514,Piago Vespa,Local,1,13,30,92.5,Vespa,1,Unicorn,Local,1,10
515,Piago Vespa,Local,2,13,30,92.5,Vespa,2,Unicorn,Local,2,10
516,Piago Vespa,Local,3,13,30,92.5,Vespa,3,Unicorn,Local,3,10
517,Piago Vespa,Local,4,13,30,92.5,Vespa,4,Unicorn,Local,4,10
518,Piago Vespa,Local,5,13,30,92.5,Vespa,5,Unicorn,Local,5,10
519,Piago Vespa,Local,6,13,30,92.5,Vespa,6,Unicorn,Local,6,10
520,Piago Vespa,Local,7,13,30,92.5,Vespa,7,Unicorn,Local,7,10
521,Piago Vespa,STD,STD,13,30,92.5,Vespa,STD,Unicorn,STD,STD,10
522,Piago Vespa,STD,1,13,30,92.5,Vespa,1,Unicorn,STD,1,10
523,Piago Vespa,STD,2,13,30,92.5,Vespa,2,Unicorn,STD,2,10
524,Piago Vespa,STD,3,13,30,92.5,Vespa,3,Unicorn,STD,3,10
525,Piago Vespa,STD,4,13,30,92.5,Vespa,4,Unicorn,STD,4,10
526,Piago Vespa,STD,5,13,30,92.5,Vespa,5,Unicorn,STD,5,10
527,Piago Vespa,STD,6,13,30,92.5,Vespa,6,Unicorn,STD,6,10
528,Piago Vespa,STD,7,13,30,92.5,Vespa,7,Unicorn,STD,7,10
529,Ambition,Local,STD,13,30,92.5,Ambition,STD,Unicorn,Local,STD,10
530,Ambition,Local,1,13,30,92.5,Ambition,1,Unicorn,Local,1,10
531,Ambition,Local,2,13,30,92.5,Ambition,2,Unicorn,Local,2,10
532,Ambition,Local,3,13,30,92.5,Ambition,3,Unicorn,Local,3,10
533,Ambition,Local,4,13,30,92.5,Ambition,4,Unicorn,Local,4,10
534,Ambition,Local,5,13,30,92.5,Ambition,5,Unicorn,Local,5,10
535,Ambition,Local,6,13,30,92.5,Ambition,6,Unicorn,Local,6,10
536,Ambition,Local,7,13,30,92.5,Ambition,7,Unicorn,Local,7,10
537,Ambition,STD,STD,13,30,92.5,Ambition,STD,Unicorn,STD,STD,10
538,Ambition,STD,1,13,30,92.5,Ambition,1,Unicorn,STD,1,10
539,Ambition,STD,2,13,30,92.5,Ambition,2,Unicorn,STD,2,10
540,Ambition,STD,3,13,30,92.5,Ambition,3,Unicorn,STD,3,10
541,Ambition,STD,4,13,30,92.5,Ambition,4,Unicorn,STD,4,10
542,Ambition,STD,5,13,30,92.5,Ambition,5,Unicorn,STD,5,10
543,Ambition,STD,6,13,30,92.5,Ambition,6,Unicorn,STD,6,10
544,Ambition,STD,7,13,30,92.5,Ambition,7,Unicorn,STD,7,10
545,FZ - 6,Local,STD,13,30,92.5,Unicorn,STD,Unicorn,Local,STD,10
546,FZ - 6,Local,1,13,30,92.5,Unicorn,1,Unicorn,Local,1,10
547,FZ - 6,Local,2,13,30,92.5,Unicorn,2,Unicorn,Local,2,10
548,FZ - 6,Local,3,13,30,92.5,Unicorn,3,Unicorn,Local,3,10
549,FZ - 6,Local,4,13,30,92.5,Unicorn,4,Unicorn,Local,4,10
550,FZ - 6,Local,5,13,30,92.5,Unicorn,5,Unicorn,Local,5,10
551,FZ - 6,Local,6,13,30,92.5,Unicorn,6,Unicorn,Local,6,10
552,FZ - 6,Local,7,13,30,92.5,Unicorn,7,Unicorn,Local,7,10
553,FZ - 6,STD,STD,13,30,92.5,Unicorn,STD,Unicorn,STD,STD,10
554,FZ - 6,STD,1,13,30,92.5,Unicorn,1,Unicorn,STD,1,10
555,FZ - 6,STD,2,13,30,92.5,Unicorn,2,Unicorn,STD,2,10
556,FZ - 6,STD,3,13,30,92.5,Unicorn,3,Unicorn,STD,3,10
557,FZ - 6,STD,4,13,30,92.5,Unicorn,4,Unicorn,STD,4,10
558,FZ - 6,STD,5,13,30,92.5,Unicorn,5,Unicorn,STD,5,10
559,FZ - 6,STD,6,13,30,92.5,Unicorn,6,Unicorn,STD,6,10
560,FZ - 6,STD,7,13,30,92.5,Unicorn,7,Unicorn,STD,7,10
561,Guesto,Local,STD,13,30,92.5,Guesto,STD,Unicorn,Local,STD,10
562,Guesto,Local,1,13,30,92.5,Guesto,1,Unicorn,Local,1,10
563,Guesto,Local,2,13,30,92.5,Guesto,2,Unicorn,Local,2,10
564,Guesto,Local,3,13,30,92.5,Guesto,3,Unicorn,Local,3,10
565,Guesto,Local,4,13,30,92.5,Guesto,4,Unicorn,Local,4,10
566,Guesto,Local,5,13,30,92.5,Guesto,5,Unicorn,Local,5,10
567,Guesto,Local,6,13,30,92.5,Guesto,6,Unicorn,Local,6,10
568,Guesto,Local,7,13,30,92.5,Guesto,7,Unicorn,Local,7,10
569,Guesto,STD,STD,13,30,92.5,Guesto,STD,Unicorn,STD,STD,10
570,Guesto,STD,1,13,30,92.5,Guesto,1,Unicorn,STD,1,10
571,Guesto,STD,2,13,30,92.5,Guesto,2,Unicorn,STD,2,10
572,Guesto,STD,3,13,30,92.5,Guesto,3,Unicorn,STD,3,10
573,Guesto,STD,4,13,30,92.5,Guesto,4,Unicorn,STD,4,10
574,Guesto,STD,5,13,30,92.5,Guesto,5,Unicorn,STD,5,10
575,Guesto,STD,6,13,30,92.5,Guesto,6,Unicorn,STD,6,10
576,Guesto,STD,7,13,30,92.5,Guesto,7,Unicorn,STD,7,10
577,Shine,Local,STD,13,30,92.5,Unicorn,STD,Unicorn,Local,STD,10
578,Shine,Local,1,13,30,92.5,Unicorn,1,Unicorn,Local,1,10
579,Shine,Local,2,13,30,92.5,Unicorn,2,Unicorn,Local,2,10
580,Shine,Local,3,13,30,92.5,Unicorn,3,Unicorn,Local,3,10
581,Shine,Local,4,13,30,92.5,Unicorn,4,Unicorn,Local,4,10
582,Shine,Local,5,13,30,92.5,Unicorn,5,Unicorn,Local,5,10
583,Shine,Local,6,13,30,92.5,Unicorn,6,Unicorn,Local,6,10
584,Shine,Local,7,13,30,92.5,Unicorn,7,Unicorn,Local,7,10
585,Shine,STD,STD,13,30,92.5,Unicorn,STD,Unicorn,STD,STD,10
586,Shine,STD,1,13,30,92.5,Unicorn,1,Unicorn,STD,1,10
587,Shine,STD,2,13,30,92.5,Unicorn,2,Unicorn,STD,2,10
588,Shine,STD,3,13,30,92.5,Unicorn,3,Unicorn,STD,3,10
589,Shine,STD,4,13,30,92.5,Unicorn,4,Unicorn,STD,4,10
590,Shine,STD,5,13,30,92.5,Unicorn,5,Unicorn,STD,5,10
591,Shine,STD,6,13,30,92.5,Unicorn,6,Unicorn,STD,6,10
592,Shine,STD,7,13,30,92.5,Unicorn,7,Unicorn,STD,7,10
593,Unicorn,Local,STD,13,30,92.5,Unicorn,STD,Unicorn,Local,STD,10
594,Unicorn,Local,1,13,30,92.5,Unicorn,1,Unicorn,Local,1,10
595,Unicorn,Local,2,13,30,92.5,Unicorn,2,Unicorn,Local,2,10
596,Unicorn,Local,3,13,30,92.5,Unicorn,3,Unicorn,Local,3,10
597,Unicorn,Local,4,13,30,92.5,Unicorn,4,Unicorn,Local,4,10
598,Unicorn,Local,5,13,30,92.5,Unicorn,5,Unicorn,Local,5,10
599,Unicorn,Local,6,13,30,92.5,Unicorn,6,Unicorn,Local,6,10
600,Unicorn,Local,7,13,30,92.5,Unicorn,7,Unicorn,Local,7,10
601,Unicorn,STD,STD,13,30,92.5,Unicorn,STD,Unicorn,STD,STD,10
602,Unicorn,STD,1,13,30,92.5,Unicorn,1,Unicorn,STD,1,10
603,Unicorn,STD,2,13,30,92.5,Unicorn,2,Unicorn,STD,2,10
604,Unicorn,STD,3,13,30,92.5,Unicorn,3,Unicorn,STD,3,10
605,Unicorn,STD,4,13,30,92.5,Unicorn,4,Unicorn,STD,4,10
606,Unicorn,STD,5,13,30,92.5,Unicorn,5,Unicorn,STD,5,10
607,Unicorn,STD,6,13,30,92.5,Unicorn,6,Unicorn,STD,6,10
608,Unicorn,STD,7,13,30,92.5,Unicorn,7,Unicorn,STD,7,10
609,Unicorn - 160,Local,STD,13,30,92.5,Unicorn,STD,Unicorn,Local,STD,10
610,Unicorn - 160,Local,1,13,30,92.5,Unicorn,1,Unicorn,Local,1,10
611,Unicorn - 160,Local,2,13,30,92.5,Unicorn,2,Unicorn,Local,2,10
612,Unicorn - 160,Local,3,13,30,92.5,Unicorn,3,Unicorn,Local,3,10
613,Unicorn - 160,Local,4,13,30,92.5,Unicorn,4,Unicorn,Local,4,10
614,Unicorn - 160,Local,5,13,30,92.5,Unicorn,5,Unicorn,Local,5,10
615,Unicorn - 160,Local,6,13,30,92.5,Unicorn,6,Unicorn,Local,6,10
616,Unicorn - 160,Local,7,13,30,92.5,Unicorn,7,Unicorn,Local,7,10
617,Unicorn - 160,STD,STD,13,30,92.5,Unicorn,STD,Unicorn,STD,STD,10
618,Unicorn - 160,STD,1,13,30,92.5,Unicorn,1,Unicorn,STD,1,10
619,Unicorn - 160,STD,2,13,30,92.5,Unicorn,2,Unicorn,STD,2,10
620,Unicorn - 160,STD,3,13,30,92.5,Unicorn,3,Unicorn,STD,3,10
621,Unicorn - 160,STD,4,13,30,92.5,Unicorn,4,Unicorn,STD,4,10
622,Unicorn - 160,STD,5,13,30,92.5,Unicorn,5,Unicorn,STD,5,10
623,Unicorn - 160,STD,6,13,30,92.5,Unicorn,6,Unicorn,STD,6,10
624,Unicorn - 160,STD,7,13,30,92.5,Unicorn,7,Unicorn,STD,7,10
625,R15,Local,STD,13,30,92.5,R15,STD,28*35*16,Local,STD,10
626,R15,Local,1,13,30,92.5,R15,1,28*35*16,Local,1,10
627,R15,Local,2,13,30,92.5,R15,2,28*35*16,Local,2,10
628,R15,Local,3,13,30,92.5,R15,3,28*35*16,Local,3,10
629,R15,Local,4,13,30,92.5,R15,4,28*35*16,Local,4,10
630,R15,Local,5,13,30,92.5,R15,5,28*35*16,Local,5,10
631,R15,Local,6,13,30,92.5,R15,6,28*35*16,Local,6,10
632,R15,Local,7,13,30,92.5,R15,7,28*35*16,Local,7,10
633,R15,STD,STD,13,30,92.5,R15,STD,28*35*16,STD,STD,10
634,R15,STD,1,13,30,92.5,R15,1,28*35*16,STD,1,10
635,R15,STD,2,13,30,92.5,R15,2,28*35*16,STD,2,10
636,R15,STD,3,13,30,92.5,R15,3,28*35*16,STD,3,10
637,R15,STD,4,13,30,92.5,R15,4,28*35*16,STD,4,10
638,R15,STD,5,13,30,92.5,R15,5,28*35*16,STD,5,10
639,R15,STD,6,13,30,92.5,R15,6,28*35*16,STD,6,10
640,R15,STD,7,13,30,92.5,R15,7,28*35*16,STD,7,10
641,Victor GLX,Local,STD,13,30,92.5,GLX,STD,XCD -125,Local,STD,10
642,Victor GLX,Local,1,13,30,92.5,GLX,1,XCD -125,Local,1,10
643,Victor GLX,Local,2,13,30,92.5,GLX,2,XCD -125,Local,2,10
644,Victor GLX,Local,3,13,30,92.5,GLX,3,XCD -125,Local,3,10
645,Victor GLX,Local,4,13,30,92.5,GLX,4,XCD -125,Local,4,10
646,Victor GLX,Local,5,13,30,92.5,GLX,5,XCD -125,Local,5,10
647,Victor GLX,Local,6,13,30,92.5,GLX,6,XCD -125,Local,6,10
648,Victor GLX,Local,7,13,30,92.5,GLX,7,XCD -125,Local,7,10
649,Victor GLX,STD,STD,13,30,92.5,GLX,STD,XCD -125,STD,STD,10
650,Victor GLX,STD,1,13,30,92.5,GLX,1,XCD -125,STD,1,10
651,Victor GLX,STD,2,13,30,92.5,GLX,2,XCD -125,STD,2,10
652,Victor GLX,STD,3,13,30,92.5,GLX,3,XCD -125,STD,3,10
653,Victor GLX,STD,4,13,30,92.5,GLX,4,XCD -125,STD,4,10
654,Victor GLX,STD,5,13,30,92.5,GLX,5,XCD -125,STD,5,10
655,Victor GLX,STD,6,13,30,92.5,GLX,6,XCD -125,STD,6,10
656,Victor GLX,STD,7,13,30,92.5,GLX,7,XCD -125,STD,7,10
657,N - Torq,Local,STD,13,30,92.5,N - Troq,STD,XCD -125,Local,STD,10
658,N - Torq,Local,1,13,30,92.5,N - Troq,1,XCD -125,Local,1,10
659,N - Torq,Local,2,13,30,92.5,N - Troq,2,XCD -125,Local,2,10
660,N - Torq,Local,3,13,30,92.5,N - Troq,3,XCD -125,Local,3,10
661,N - Torq,Local,4,13,30,92.5,N - Troq,4,XCD -125,Local,4,10
662,N - Torq,Local,5,13,30,92.5,N - Troq,5,XCD -125,Local,5,10
663,N - Torq,Local,6,13,30,92.5,N - Troq,6,XCD -125,Local,6,10
664,N - Torq,Local,7,13,30,92.5,N - Troq,7,XCD -125,Local,7,10
665,N - Torq,STD,STD,13,30,92.5,N - Troq,STD,XCD -125,STD,STD,10
666,N - Torq,STD,1,13,30,92.5,N - Troq,1,XCD -125,STD,1,10
667,N - Torq,STD,2,13,30,92.5,N - Troq,2,XCD -125,STD,2,10
668,N - Torq,STD,3,13,30,92.5,N - Troq,3,XCD -125,STD,3,10
669,N - Torq,STD,4,13,30,92.5,N - Troq,4,XCD -125,STD,4,10
670,N - Torq,STD,5,13,30,92.5,N - Troq,5,XCD -125,STD,5,10
671,N - Torq,STD,6,13,30,92.5,N - Troq,6,XCD -125,STD,6,10
672,N - Torq,STD,7,13,30,92.5,N - Troq,7,XCD -125,STD,7,10
673,TVS  Pheonix,Local,STD,13,30,92.5,GLX,STD,XCD -125,Local,STD,10
674,TVS  Pheonix,Local,1,13,30,92.5,GLX,1,XCD -125,Local,1,10
675,TVS  Pheonix,Local,2,13,30,92.5,GLX,2,XCD -125,Local,2,10
676,TVS  Pheonix,Local,3,13,30,92.5,GLX,3,XCD -125,Local,3,10
677,TVS  Pheonix,Local,4,13,30,92.5,GLX,4,XCD -125,Local,4,10
678,TVS  Pheonix,Local,5,13,30,92.5,GLX,5,XCD -125,Local,5,10
679,TVS  Pheonix,Local,6,13,30,92.5,GLX,6,XCD -125,Local,6,10
680,TVS  Pheonix,Local,7,13,30,92.5,GLX,7,XCD -125,Local,7,10
681,TVS  Pheonix,STD,STD,13,30,92.5,GLX,STD,XCD -125,STD,STD,10
682,TVS  Pheonix,STD,1,13,30,92.5,GLX,1,XCD -125,STD,1,10
683,TVS  Pheonix,STD,2,13,30,92.5,GLX,2,XCD -125,STD,2,10
684,TVS  Pheonix,STD,3,13,30,92.5,GLX,3,XCD -125,STD,3,10
685,TVS  Pheonix,STD,4,13,30,92.5,GLX,4,XCD -125,STD,4,10
686,TVS  Pheonix,STD,5,13,30,92.5,GLX,5,XCD -125,STD,5,10
687,TVS  Pheonix,STD,6,13,30,92.5,GLX,6,XCD -125,STD,6,10
688,TVS  Pheonix,STD,7,13,30,92.5,GLX,7,XCD -125,STD,7,10
689,Victor 3 Valve,Local,STD,13,30,92.5,GLX,STD,XCD -125,Local,STD,10
690,Victor 3 Valve,Local,1,13,30,92.5,GLX,1,XCD -125,Local,1,10
691,Victor 3 Valve,Local,2,13,30,92.5,GLX,2,XCD -125,Local,2,10
692,Victor 3 Valve,Local,3,13,30,92.5,GLX,3,XCD -125,Local,3,10
693,Victor 3 Valve,Local,4,13,30,92.5,GLX,4,XCD -125,Local,4,10
694,Victor 3 Valve,Local,5,13,30,92.5,GLX,5,XCD -125,Local,5,10
695,Victor 3 Valve,Local,6,13,30,92.5,GLX,6,XCD -125,Local,6,10
696,Victor 3 Valve,Local,7,13,30,92.5,GLX,7,XCD -125,Local,7,10
697,Victor 3 Valve,STD,STD,13,30,92.5,GLX,STD,XCD -125,STD,STD,10
698,Victor 3 Valve,STD,1,13,30,92.5,GLX,1,XCD -125,STD,1,10
699,Victor 3 Valve,STD,2,13,30,92.5,GLX,2,XCD -125,STD,2,10
700,Victor 3 Valve,STD,3,13,30,92.5,GLX,3,XCD -125,STD,3,10
701,Victor 3 Valve,STD,4,13,30,92.5,GLX,4,XCD -125,STD,4,10
702,Victor 3 Valve,STD,5,13,30,92.5,GLX,5,XCD -125,STD,5,10
703,Victor 3 Valve,STD,6,13,30,92.5,GLX,6,XCD -125,STD,6,10
704,Victor 3 Valve,STD,7,13,30,92.5,GLX,7,XCD -125,STD,7,10
705,Discover 125,Local,STD,13,30,92.5,Discover 125,STD,XCD -125,Local,STD,10
706,Discover 125,Local,1,13,30,92.5,Discover 125,1,XCD -125,Local,1,10
707,Discover 125,Local,2,13,30,92.5,Discover 125,2,XCD -125,Local,2,10
708,Discover 125,Local,3,13,30,92.5,Discover 125,3,XCD -125,Local,3,10
709,Discover 125,Local,4,13,30,92.5,Discover 125,4,XCD -125,Local,4,10
710,Discover 125,Local,5,13,30,92.5,Discover 125,5,XCD -125,Local,5,10
711,Discover 125,Local,6,13,30,92.5,Discover 125,6,XCD -125,Local,6,10
712,Discover 125,Local,7,13,30,92.5,Discover 125,7,XCD -125,Local,7,10
713,Discover 125,STD,STD,13,30,92.5,Discover 125,STD,XCD -125,STD,STD,10
714,Discover 125,STD,1,13,30,92.5,Discover 125,1,XCD -125,STD,1,10
715,Discover 125,STD,2,13,30,92.5,Discover 125,2,XCD -125,STD,2,10
716,Discover 125,STD,3,13,30,92.5,Discover 125,3,XCD -125,STD,3,10
717,Discover 125,STD,4,13,30,92.5,Discover 125,4,XCD -125,STD,4,10
718,Discover 125,STD,5,13,30,92.5,Discover 125,5,XCD -125,STD,5,10
719,Discover 125,STD,6,13,30,92.5,Discover 125,6,XCD -125,STD,6,10
720,Discover 125,STD,7,13,30,92.5,Discover 125,7,XCD -125,STD,7,10
721,Discover 135,Local,STD,13,30,92.5,Discover 125,STD,XCD -125,Local,STD,10
722,Discover 135,Local,1,13,30,92.5,Discover 125,1,XCD -125,Local,1,10
723,Discover 135,Local,2,13,30,92.5,Discover 125,2,XCD -125,Local,2,10
724,Discover 135,Local,3,13,30,92.5,Discover 125,3,XCD -125,Local,3,10
725,Discover 135,Local,4,13,30,92.5,Discover 125,4,XCD -125,Local,4,10
726,Discover 135,Local,5,13,30,92.5,Discover 125,5,XCD -125,Local,5,10
727,Discover 135,Local,6,13,30,92.5,Discover 125,6,XCD -125,Local,6,10
728,Discover 135,Local,7,13,30,92.5,Discover 125,7,XCD -125,Local,7,10
729,Discover 135,STD,STD,13,30,92.5,Discover 125,STD,XCD -125,STD,STD,10
730,Discover 135,STD,1,13,30,92.5,Discover 125,1,XCD -125,STD,1,10
731,Discover 135,STD,2,13,30,92.5,Discover 125,2,XCD -125,STD,2,10
732,Discover 135,STD,3,13,30,92.5,Discover 125,3,XCD -125,STD,3,10
733,Discover 135,STD,4,13,30,92.5,Discover 125,4,XCD -125,STD,4,10
734,Discover 135,STD,5,13,30,92.5,Discover 125,5,XCD -125,STD,5,10
735,Discover 135,STD,6,13,30,92.5,Discover 125,6,XCD -125,STD,6,10
736,Discover 135,STD,7,13,30,92.5,Discover 125,7,XCD -125,STD,7,10
737,Pulsar AS - 150,Local,STD,13,30,92.5,Pulsar AS - 150,STD,XCD -135,Local,STD,10
738,Pulsar AS - 150,Local,1,13,30,92.5,Pulsar AS - 150,1,XCD -135,Local,1,10
739,Pulsar AS - 150,Local,2,13,30,92.5,Pulsar AS - 150,2,XCD -135,Local,2,10
740,Pulsar AS - 150,Local,3,13,30,92.5,Pulsar AS - 150,3,XCD -135,Local,3,10
741,Pulsar AS - 150,Local,4,13,30,92.5,Pulsar AS - 150,4,XCD -135,Local,4,10
742,Pulsar AS - 150,Local,5,13,30,92.5,Pulsar AS - 150,5,XCD -135,Local,5,10
743,Pulsar AS - 150,Local,6,13,30,92.5,Pulsar AS - 150,6,XCD -135,Local,6,10
744,Pulsar AS - 150,Local,7,13,30,92.5,Pulsar AS - 150,7,XCD -135,Local,7,10
745,Pulsar AS - 150,STD,STD,13,30,92.5,Pulsar AS - 150,STD,XCD -135,STD,STD,10
746,Pulsar AS - 150,STD,1,13,30,92.5,Pulsar AS - 150,1,XCD -135,STD,1,10
747,Pulsar AS - 150,STD,2,13,30,92.5,Pulsar AS - 150,2,XCD -135,STD,2,10
748,Pulsar AS - 150,STD,3,13,30,92.5,Pulsar AS - 150,3,XCD -135,STD,3,10
749,Pulsar AS - 150,STD,4,13,30,92.5,Pulsar AS - 150,4,XCD -135,STD,4,10
750,Pulsar AS - 150,STD,5,13,30,92.5,Pulsar AS - 150,5,XCD -135,STD,5,10
751,Pulsar AS - 150,STD,6,13,30,92.5,Pulsar AS - 150,6,XCD -135,STD,6,10
752,Pulsar AS - 150,STD,7,13,30,92.5,Pulsar AS - 150,7,XCD -135,STD,7,10
753,XCD 135,Local,STD,13,30,92.5,XCD 135,STD,XCD -135,Local,STD,10
754,XCD 135,Local,1,13,30,92.5,XCD 135,1,XCD -135,Local,1,10
755,XCD 135,Local,2,13,30,92.5,XCD 135,2,XCD -135,Local,2,10
756,XCD 135,Local,3,13,30,92.5,XCD 135,3,XCD -135,Local,3,10
757,XCD 135,Local,4,13,30,92.5,XCD 135,4,XCD -135,Local,4,10
758,XCD 135,Local,5,13,30,92.5,XCD 135,5,XCD -135,Local,5,10
759,XCD 135,Local,6,13,30,92.5,XCD 135,6,XCD -135,Local,6,10
760,XCD 135,Local,7,13,30,92.5,XCD 135,7,XCD -135,Local,7,10
761,XCD 135,STD,STD,13,30,92.5,XCD 135,STD,XCD -135,STD,STD,10
762,XCD 135,STD,1,13,30,92.5,XCD 135,1,XCD -135,STD,1,10
763,XCD 135,STD,2,13,30,92.5,XCD 135,2,XCD -135,STD,2,10
764,XCD 135,STD,3,13,30,92.5,XCD 135,3,XCD -135,STD,3,10
765,XCD 135,STD,4,13,30,92.5,XCD 135,4,XCD -135,STD,4,10
766,XCD 135,STD,5,13,30,92.5,XCD 135,5,XCD -135,STD,5,10
767,XCD 135,STD,6,13,30,92.5,XCD 135,6,XCD -135,STD,6,10
768,XCD 135,STD,7,13,30,92.5,XCD 135,7,XCD -135,STD,7,10
769,RX - 100,Local,STD,13,30,92.5,RX 100,STD,RX - 100,Local,STD,10
770,RX - 100,Local,1,13,30,92.5,RX 100,1,RX - 100,Local,1,10
771,RX - 100,Local,2,13,30,92.5,RX 100,2,RX - 100,Local,2,10
772,RX - 100,Local,3,13,30,92.5,RX 100,3,RX - 100,Local,3,10
773,RX - 100,Local,4,13,30,92.5,RX 100,4,RX - 100,Local,4,10
774,RX - 100,Local,5,13,30,92.5,RX 100,5,RX - 100,Local,5,10
775,RX - 100,Local,6,13,30,92.5,RX 100,6,RX - 100,Local,6,10
776,RX - 100,Local,7,13,30,92.5,RX 100,7,RX - 100,Local,7,10
777,RX - 100,STD,STD,13,30,92.5,RX 100,STD,RX - 100,STD,STD,10
778,RX - 100,STD,1,13,30,92.5,RX 100,1,RX - 100,STD,1,10
779,RX - 100,STD,2,13,30,92.5,RX 100,2,RX - 100,STD,2,10
780,RX - 100,STD,3,13,30,92.5,RX 100,3,RX - 100,STD,3,10
781,RX - 100,STD,4,13,30,92.5,RX 100,4,RX - 100,STD,4,10
782,RX - 100,STD,5,13,30,92.5,RX 100,5,RX - 100,STD,5,10
783,RX - 100,STD,6,13,30,92.5,RX 100,6,RX - 100,STD,6,10
784,RX - 100,STD,7,13,30,92.5,RX 100,7,RX - 100,STD,7,10
785,RXG,Local,STD,13,30,92.5,RX 100,STD,RX - 100,Local,STD,10
786,RXG,Local,1,13,30,92.5,RX 100,1,RX - 100,Local,1,10
787,RXG,Local,2,13,30,92.5,RX 100,2,RX - 100,Local,2,10
788,RXG,Local,3,13,30,92.5,RX 100,3,RX - 100,Local,3,10
789,RXG,Local,4,13,30,92.5,RX 100,4,RX - 100,Local,4,10
790,RXG,Local,5,13,30,92.5,RX 100,5,RX - 100,Local,5,10
791,RXG,Local,6,13,30,92.5,RX 100,6,RX - 100,Local,6,10
792,RXG,Local,7,13,30,92.5,RX 100,7,RX - 100,Local,7,10
793,RXG,STD,STD,13,30,92.5,RX 100,STD,RX - 100,STD,STD,10
794,RXG,STD,1,13,30,92.5,RX 100,1,RX - 100,STD,1,10
795,RXG,STD,2,13,30,92.5,RX 100,2,RX - 100,STD,2,10
796,RXG,STD,3,13,30,92.5,RX 100,3,RX - 100,STD,3,10
797,RXG,STD,4,13,30,92.5,RX 100,4,RX - 100,STD,4,10
798,RXG,STD,5,13,30,92.5,RX 100,5,RX - 100,STD,5,10
799,RXG,STD,6,13,30,92.5,RX 100,6,RX - 100,STD,6,10
800,RXG,STD,7,13,30,92.5,RX 100,7,RX - 100,STD,7,10
801,SZ X - 100,Local,STD,13,30,92.5,SZ X - 100,STD,SZ X - 100,Local,STD,10
802,SZ X - 100,Local,1,13,30,92.5,SZ X - 100,1,SZ X - 100,Local,1,10
803,SZ X - 100,Local,2,13,30,92.5,SZ X - 100,2,SZ X - 100,Local,2,10
804,SZ X - 100,Local,3,13,30,92.5,SZ X - 100,3,SZ X - 100,Local,3,10
805,SZ X - 100,Local,4,13,30,92.5,SZ X - 100,4,SZ X - 100,Local,4,10
806,SZ X - 100,Local,5,13,30,92.5,SZ X - 100,5,SZ X - 100,Local,5,10
807,SZ X - 100,Local,6,13,30,92.5,SZ X - 100,6,SZ X - 100,Local,6,10
808,SZ X - 100,Local,7,13,30,92.5,SZ X - 100,7,SZ X - 100,Local,7,10
809,SZ X - 100,STD,STD,13,30,92.5,SZ X - 100,STD,SZ X - 100,STD,STD,10
810,SZ X - 100,STD,1,13,30,92.5,SZ X - 100,1,SZ X - 100,STD,1,10
811,SZ X - 100,STD,2,13,30,92.5,SZ X - 100,2,SZ X - 100,STD,2,10
812,SZ X - 100,STD,3,13,30,92.5,SZ X - 100,3,SZ X - 100,STD,3,10
813,SZ X - 100,STD,4,13,30,92.5,SZ X - 100,4,SZ X - 100,STD,4,10
814,SZ X - 100,STD,5,13,30,92.5,SZ X - 100,5,SZ X - 100,STD,5,10
815,SZ X - 100,STD,6,13,30,92.5,SZ X - 100,6,SZ X - 100,STD,6,10
816,SZ X - 100,STD,7,13,30,92.5,SZ X - 100,7,SZ X - 100,STD,7,10
817,XL - Super,Local,STD,13,30,92.5,XL - Super,STD,XL - Super,Local,STD,10
818,XL - Super,Local,1,13,30,92.5,XL - Super,1,XL - Super,Local,1,10
819,XL - Super,Local,2,13,30,92.5,XL - Super,2,XL - Super,Local,2,10
820,XL - Super,Local,3,13,30,92.5,XL - Super,3,XL - Super,Local,3,10
821,XL - Super,Local,4,13,30,92.5,XL - Super,4,XL - Super,Local,4,10
822,XL - Super,Local,5,13,30,92.5,XL - Super,5,XL - Super,Local,5,10
823,XL - Super,Local,6,13,30,92.5,XL - Super,6,XL - Super,Local,6,10
824,XL - Super,Local,7,13,30,92.5,XL - Super,7,XL - Super,Local,7,10
825,XL - Super,STD,STD,13,30,92.5,XL - Super,STD,XL - Super,STD,STD,10
826,XL - Super,STD,1,13,30,92.5,XL - Super,1,XL - Super,STD,1,10
827,XL - Super,STD,2,13,30,92.5,XL - Super,2,XL - Super,STD,2,10
828,XL - Super,STD,3,13,30,92.5,XL - Super,3,XL - Super,STD,3,10
829,XL - Super,STD,4,13,30,92.5,XL - Super,4,XL - Super,STD,4,10
830,XL - Super,STD,5,13,30,92.5,XL - Super,5,XL - Super,STD,5,10
831,XL - Super,STD,6,13,30,92.5,XL - Super,6,XL - Super,STD,6,10
832,XL - Super,STD,7,13,30,92.5,XL - Super,7,XL - Super,STD,7,10
833,XT,Local,STD,13,30,92.5,XL - Super,STD,XL - Super,Local,STD,10
834,XT,Local,1,13,30,92.5,XL - Super,1,XL - Super,Local,1,10
835,XT,Local,2,13,30,92.5,XL - Super,2,XL - Super,Local,2,10
836,XT,Local,3,13,30,92.5,XL - Super,3,XL - Super,Local,3,10
837,XT,Local,4,13,30,92.5,XL - Super,4,XL - Super,Local,4,10
838,XT,Local,5,13,30,92.5,XL - Super,5,XL - Super,Local,5,10
839,XT,Local,6,13,30,92.5,XL - Super,6,XL - Super,Local,6,10
840,XT,Local,7,13,30,92.5,XL - Super,7,XL - Super,Local,7,10
841,XT,STD,STD,13,30,92.5,XL - Super,STD,XL - Super,STD,STD,10
842,XT,STD,1,13,30,92.5,XL - Super,1,XL - Super,STD,1,10
843,XT,STD,2,13,30,92.5,XL - Super,2,XL - Super,STD,2,10
844,XT,STD,3,13,30,92.5,XL - Super,3,XL - Super,STD,3,10
845,XT,STD,4,13,30,92.5,XL - Super,4,XL - Super,STD,4,10
846,XT,STD,5,13,30,92.5,XL - Super,5,XL - Super,STD,5,10
847,XT,STD,6,13,30,92.5,XL - Super,6,XL - Super,STD,6,10
848,XT,STD,7,13,30,92.5,XL - Super,7,XL - Super,STD,7,10
849,CBZ,Local,STD,13,30,92.5,CBZ,STD,Pulsar 180,Local,STD,10
850,CBZ,Local,1,13,30,92.5,CBZ,1,Pulsar 180,Local,1,10
851,CBZ,Local,2,13,30,92.5,CBZ,2,Pulsar 180,Local,2,10
852,CBZ,Local,3,13,30,92.5,CBZ,3,Pulsar 180,Local,3,10
853,CBZ,Local,4,13,30,92.5,CBZ,4,Pulsar 180,Local,4,10
854,CBZ,Local,5,13,30,92.5,CBZ,5,Pulsar 180,Local,5,10
855,CBZ,Local,6,13,30,92.5,CBZ,6,Pulsar 180,Local,6,10
856,CBZ,Local,7,13,30,92.5,CBZ,7,Pulsar 180,Local,7,10
857,CBZ,STD,STD,13,30,92.5,CBZ,STD,Pulsar 180,STD,STD,10
858,CBZ,STD,1,13,30,92.5,CBZ,1,Pulsar 180,STD,1,10
859,CBZ,STD,2,13,30,92.5,CBZ,2,Pulsar 180,STD,2,10
860,CBZ,STD,3,13,30,92.5,CBZ,3,Pulsar 180,STD,3,10
861,CBZ,STD,4,13,30,92.5,CBZ,4,Pulsar 180,STD,4,10
862,CBZ,STD,5,13,30,92.5,CBZ,5,Pulsar 180,STD,5,10
863,CBZ,STD,6,13,30,92.5,CBZ,6,Pulsar 180,STD,6,10
864,CBZ,STD,7,13,30,92.5,CBZ,7,Pulsar 180,STD,7,10
865,Karizma,Local,STD,13,30,92.5,Karizma,STD,Pulsar 180,Local,STD,10
866,Karizma,Local,1,13,30,92.5,Karizma,1,Pulsar 180,Local,1,10
867,Karizma,Local,2,13,30,92.5,Karizma,2,Pulsar 180,Local,2,10
868,Karizma,Local,3,13,30,92.5,Karizma,3,Pulsar 180,Local,3,10
869,Karizma,Local,4,13,30,92.5,Karizma,4,Pulsar 180,Local,4,10
870,Karizma,Local,5,13,30,92.5,Karizma,5,Pulsar 180,Local,5,10
871,Karizma,Local,6,13,30,92.5,Karizma,6,Pulsar 180,Local,6,10
872,Karizma,Local,7,13,30,92.5,Karizma,7,Pulsar 180,Local,7,10
873,Karizma,STD,STD,13,30,92.5,Karizma,STD,Pulsar 180,STD,STD,10
874,Karizma,STD,1,13,30,92.5,Karizma,1,Pulsar 180,STD,1,10
875,Karizma,STD,2,13,30,92.5,Karizma,2,Pulsar 180,STD,2,10
876,Karizma,STD,3,13,30,92.5,Karizma,3,Pulsar 180,STD,3,10
877,Karizma,STD,4,13,30,92.5,Karizma,4,Pulsar 180,STD,4,10
878,Karizma,STD,5,13,30,92.5,Karizma,5,Pulsar 180,STD,5,10
879,Karizma,STD,6,13,30,92.5,Karizma,6,Pulsar 180,STD,6,10
880,Karizma,STD,7,13,30,92.5,Karizma,7,Pulsar 180,STD,7,10
881,Pulsar 150,Local,STD,13,30,92.5,Pulsar 150,STD,Pulsar 150,Local,STD,10
882,Pulsar 150,Local,1,13,30,92.5,Pulsar 150,1,Pulsar 150,Local,1,10
883,Pulsar 150,Local,2,13,30,92.5,Pulsar 150,2,Pulsar 150,Local,2,10
884,Pulsar 150,Local,3,13,30,92.5,Pulsar 150,3,Pulsar 150,Local,3,10
885,Pulsar 150,Local,4,13,30,92.5,Pulsar 150,4,Pulsar 150,Local,4,10
886,Pulsar 150,Local,5,13,30,92.5,Pulsar 150,5,Pulsar 150,Local,5,10
887,Pulsar 150,Local,6,13,30,92.5,Pulsar 150,6,Pulsar 150,Local,6,10
888,Pulsar 150,Local,7,13,30,92.5,Pulsar 150,7,Pulsar 150,Local,7,10
889,Pulsar 150,STD,STD,13,30,92.5,Pulsar 150,STD,Pulsar 150,STD,STD,10
890,Pulsar 150,STD,1,13,30,92.5,Pulsar 150,1,Pulsar 150,STD,1,10
891,Pulsar 150,STD,2,13,30,92.5,Pulsar 150,2,Pulsar 150,STD,2,10
892,Pulsar 150,STD,3,13,30,92.5,Pulsar 150,3,Pulsar 150,STD,3,10
893,Pulsar 150,STD,4,13,30,92.5,Pulsar 150,4,Pulsar 150,STD,4,10
894,Pulsar 150,STD,5,13,30,92.5,Pulsar 150,5,Pulsar 150,STD,5,10
895,Pulsar 150,STD,6,13,30,92.5,Pulsar 150,6,Pulsar 150,STD,6,10
896,Pulsar 150,STD,7,13,30,92.5,Pulsar 150,7,Pulsar 150,STD,7,10
897,Pulsar 180,Local,STD,13,30,92.5,Pulsar 150,STD,Pulsar 180,Local,STD,10
898,Pulsar 180,Local,1,13,30,92.5,Pulsar 150,1,Pulsar 180,Local,1,10
899,Pulsar 180,Local,2,13,30,92.5,Pulsar 150,2,Pulsar 180,Local,2,10
900,Pulsar 180,Local,3,13,30,92.5,Pulsar 150,3,Pulsar 180,Local,3,10
901,Pulsar 180,Local,4,13,30,92.5,Pulsar 150,4,Pulsar 180,Local,4,10
902,Pulsar 180,Local,5,13,30,92.5,Pulsar 150,5,Pulsar 180,Local,5,10
903,Pulsar 180,Local,6,13,30,92.5,Pulsar 150,6,Pulsar 180,Local,6,10
904,Pulsar 180,Local,7,13,30,92.5,Pulsar 150,7,Pulsar 180,Local,7,10
905,Pulsar 180,STD,STD,13,30,92.5,Pulsar 150,STD,Pulsar 180,STD,STD,10
906,Pulsar 180,STD,1,13,30,92.5,Pulsar 150,1,Pulsar 180,STD,1,10
907,Pulsar 180,STD,2,13,30,92.5,Pulsar 150,2,Pulsar 180,STD,2,10
908,Pulsar 180,STD,3,13,30,92.5,Pulsar 150,3,Pulsar 180,STD,3,10
909,Pulsar 180,STD,4,13,30,92.5,Pulsar 150,4,Pulsar 180,STD,4,10
910,Pulsar 180,STD,5,13,30,92.5,Pulsar 150,5,Pulsar 180,STD,5,10
911,Pulsar 180,STD,6,13,30,92.5,Pulsar 150,6,Pulsar 180,STD,6,10
912,Pulsar 180,STD,7,13,30,92.5,Pulsar 150,7,Pulsar 180,STD,7,10
913,B Compact,Local,STD,13,30,92.5,Pulsar 150,STD,Pulsar 180,Local,STD,10
914,B Compact,Local,1,13,30,92.5,Pulsar 150,1,Pulsar 180,Local,1,10
915,B Compact,Local,2,13,30,92.5,Pulsar 150,2,Pulsar 180,Local,2,10
916,B Compact,Local,3,13,30,92.5,Pulsar 150,3,Pulsar 180,Local,3,10
917,B Compact,Local,4,13,30,92.5,Pulsar 150,4,Pulsar 180,Local,4,10
918,B Compact,Local,5,13,30,92.5,Pulsar 150,5,Pulsar 180,Local,5,10
919,B Compact,Local,6,13,30,92.5,Pulsar 150,6,Pulsar 180,Local,6,10
920,B Compact,Local,7,13,30,92.5,Pulsar 150,7,Pulsar 180,Local,7,10
921,B Compact,STD,STD,13,30,92.5,Pulsar 150,STD,Pulsar 180,STD,STD,10
922,B Compact,STD,1,13,30,92.5,Pulsar 150,1,Pulsar 180,STD,1,10
923,B Compact,STD,2,13,30,92.5,Pulsar 150,2,Pulsar 180,STD,2,10
924,B Compact,STD,3,13,30,92.5,Pulsar 150,3,Pulsar 180,STD,3,10
925,B Compact,STD,4,13,30,92.5,Pulsar 150,4,Pulsar 180,STD,4,10
926,B Compact,STD,5,13,30,92.5,Pulsar 150,5,Pulsar 180,STD,5,10
927,B Compact,STD,6,13,30,92.5,Pulsar 150,6,Pulsar 180,STD,6,10
928,B Compact,STD,7,13,30,92.5,Pulsar 150,7,Pulsar 180,STD,7,10
929,Maxima,Local,STD,13,30,92.5,Pulsar 150,STD,Pulsar 180,Local,STD,10
930,Maxima,Local,1,13,30,92.5,Pulsar 150,1,Pulsar 180,Local,1,10
931,Maxima,Local,2,13,30,92.5,Pulsar 150,2,Pulsar 180,Local,2,10
932,Maxima,Local,3,13,30,92.5,Pulsar 150,3,Pulsar 180,Local,3,10
933,Maxima,Local,4,13,30,92.5,Pulsar 150,4,Pulsar 180,Local,4,10
934,Maxima,Local,5,13,30,92.5,Pulsar 150,5,Pulsar 180,Local,5,10
935,Maxima,Local,6,13,30,92.5,Pulsar 150,6,Pulsar 180,Local,6,10
936,Maxima,Local,7,13,30,92.5,Pulsar 150,7,Pulsar 180,Local,7,10
937,Maxima,STD,STD,13,30,92.5,Pulsar 150,STD,Pulsar 180,STD,STD,10
938,Maxima,STD,1,13,30,92.5,Pulsar 150,1,Pulsar 180,STD,1,10
939,Maxima,STD,2,13,30,92.5,Pulsar 150,2,Pulsar 180,STD,2,10
940,Maxima,STD,3,13,30,92.5,Pulsar 150,3,Pulsar 180,STD,3,10
941,Maxima,STD,4,13,30,92.5,Pulsar 150,4,Pulsar 180,STD,4,10
942,Maxima,STD,5,13,30,92.5,Pulsar 150,5,Pulsar 180,STD,5,10
943,Maxima,STD,6,13,30,92.5,Pulsar 150,6,Pulsar 180,STD,6,10
944,Maxima,STD,7,13,30,92.5,Pulsar 150,7,Pulsar 180,STD,7,10
945,Pulsar UG5 / BS6,Local,STD,13,30,92.5,Pulsar 150,STD,Pulsar 150,Local,STD,10
946,Pulsar UG5 / BS6,Local,1,13,30,92.5,Pulsar 150,1,Pulsar 150,Local,1,10
947,Pulsar UG5 / BS6,Local,2,13,30,92.5,Pulsar 150,2,Pulsar 150,Local,2,10
948,Pulsar UG5 / BS6,Local,3,13,30,92.5,Pulsar 150,3,Pulsar 150,Local,3,10
949,Pulsar UG5 / BS6,Local,4,13,30,92.5,Pulsar 150,4,Pulsar 150,Local,4,10
950,Pulsar UG5 / BS6,Local,5,13,30,92.5,Pulsar 150,5,Pulsar 150,Local,5,10
951,Pulsar UG5 / BS6,Local,6,13,30,92.5,Pulsar 150,6,Pulsar 150,Local,6,10
952,Pulsar UG5 / BS6,Local,7,13,30,92.5,Pulsar 150,7,Pulsar 150,Local,7,10
953,Pulsar UG5 / BS6,STD,STD,13,30,92.5,Pulsar 150,STD,Pulsar 150,STD,STD,10
954,Pulsar UG5 / BS6,STD,1,13,30,92.5,Pulsar 150,1,Pulsar 150,STD,1,10
955,Pulsar UG5 / BS6,STD,2,13,30,92.5,Pulsar 150,2,Pulsar 150,STD,2,10
956,Pulsar UG5 / BS6,STD,3,13,30,92.5,Pulsar 150,3,Pulsar 150,STD,3,10
957,Pulsar UG5 / BS6,STD,4,13,30,92.5,Pulsar 150,4,Pulsar 150,STD,4,10
958,Pulsar UG5 / BS6,STD,5,13,30,92.5,Pulsar 150,5,Pulsar 150,STD,5,10
959,Pulsar UG5 / BS6,STD,6,13,30,92.5,Pulsar 150,6,Pulsar 150,STD,6,10
960,Pulsar UG5 / BS6,STD,7,13,30,92.5,Pulsar 150,7,Pulsar 150,STD,7,10
961,CNG Auto,Local,STD,13,30,92.5,CNG,STD,Pulsar 150,Local,STD,10
962,CNG Auto,Local,1,13,30,92.5,CNG,1,Pulsar 150,Local,1,10
963,CNG Auto,Local,2,13,30,92.5,CNG,2,Pulsar 150,Local,2,10
964,CNG Auto,Local,3,13,30,92.5,CNG,3,Pulsar 150,Local,3,10
965,CNG Auto,Local,4,13,30,92.5,CNG,4,Pulsar 150,Local,4,10
966,CNG Auto,Local,5,13,30,92.5,CNG,5,Pulsar 150,Local,5,10
967,CNG Auto,Local,6,13,30,92.5,CNG,6,Pulsar 150,Local,6,10
968,CNG Auto,Local,7,13,30,92.5,CNG,7,Pulsar 150,Local,7,10
969,CNG Auto,STD,STD,13,30,92.5,CNG,STD,Pulsar 150,STD,STD,10
970,CNG Auto,STD,1,13,30,92.5,CNG,1,Pulsar 150,STD,1,10
971,CNG Auto,STD,2,13,30,92.5,CNG,2,Pulsar 150,STD,2,10
972,CNG Auto,STD,3,13,30,92.5,CNG,3,Pulsar 150,STD,3,10
973,CNG Auto,STD,4,13,30,92.5,CNG,4,Pulsar 150,STD,4,10
974,CNG Auto,STD,5,13,30,92.5,CNG,5,Pulsar 150,STD,5,10
975,CNG Auto,STD,6,13,30,92.5,CNG,6,Pulsar 150,STD,6,10
976,CNG Auto,STD,7,13,30,92.5,CNG,7,Pulsar 150,STD,7,10
977,Access Old,Local,STD,13,30,92.5,Access,STD,Access,Local,STD,10
978,Access Old,Local,1,13,30,92.5,Access,1,Access,Local,1,10
979,Access Old,Local,2,13,30,92.5,Access,2,Access,Local,2,10
980,Access Old,Local,3,13,30,92.5,Access,3,Access,Local,3,10
981,Access Old,Local,4,13,30,92.5,Access,4,Access,Local,4,10
982,Access Old,Local,5,13,30,92.5,Access,5,Access,Local,5,10
983,Access Old,Local,6,13,30,92.5,Access,6,Access,Local,6,10
984,Access Old,Local,7,13,30,92.5,Access,7,Access,Local,7,10
985,Access Old,STD,STD,13,30,92.5,Access,STD,Access,STD,STD,10
986,Access Old,STD,1,13,30,92.5,Access,1,Access,STD,1,10
987,Access Old,STD,2,13,30,92.5,Access,2,Access,STD,2,10
988,Access Old,STD,3,13,30,92.5,Access,3,Access,STD,3,10
989,Access Old,STD,4,13,30,92.5,Access,4,Access,STD,4,10
990,Access Old,STD,5,13,30,92.5,Access,5,Access,STD,5,10
991,Access Old,STD,6,13,30,92.5,Access,6,Access,STD,6,10
992,Access Old,STD,7,13,30,92.5,Access,7,Access,STD,7,10
993,SZ Heat,Local,STD,13,30,92.5,SZ Heat,STD,Access,Local,STD,10
994,SZ Heat,Local,1,13,30,92.5,SZ Heat,1,Access,Local,1,10
995,SZ Heat,Local,2,13,30,92.5,SZ Heat,2,Access,Local,2,10
996,SZ Heat,Local,3,13,30,92.5,SZ Heat,3,Access,Local,3,10
997,SZ Heat,Local,4,13,30,92.5,SZ Heat,4,Access,Local,4,10
998,SZ Heat,Local,5,13,30,92.5,SZ Heat,5,Access,Local,5,10
999,SZ Heat,Local,6,13,30,92.5,SZ Heat,6,Access,Local,6,10
1000,SZ Heat,Local,7,13,30,92.5,SZ Heat,7,Access,Local,7,10
1001,SZ Heat,STD,STD,13,30,92.5,SZ Heat,STD,Access,STD,STD,10
1002,SZ Heat,STD,1,13,30,92.5,SZ Heat,1,Access,STD,1,10
1003,SZ Heat,STD,2,13,30,92.5,SZ Heat,2,Access,STD,2,10
1004,SZ Heat,STD,3,13,30,92.5,SZ Heat,3,Access,STD,3,10
1005,SZ Heat,STD,4,13,30,92.5,SZ Heat,4,Access,STD,4,10
1006,SZ Heat,STD,5,13,30,92.5,SZ Heat,5,Access,STD,5,10
1007,SZ Heat,STD,6,13,30,92.5,SZ Heat,6,Access,STD,6,10
1008,SZ Heat,STD,7,13,30,92.5,SZ Heat,7,Access,STD,7,10
1009,Apache RTR - 160,Local,STD,13,30,92.5,Apache RTR,STD,Fiero,Local,STD,10
1010,Apache RTR - 160,Local,1,13,30,92.5,Apache RTR,1,Fiero,Local,1,10
1011,Apache RTR - 160,Local,2,13,30,92.5,Apache RTR,2,Fiero,Local,2,10
1012,Apache RTR - 160,Local,3,13,30,92.5,Apache RTR,3,Fiero,Local,3,10
1013,Apache RTR - 160,Local,4,13,30,92.5,Apache RTR,4,Fiero,Local,4,10
1014,Apache RTR - 160,Local,5,13,30,92.5,Apache RTR,5,Fiero,Local,5,10
1015,Apache RTR - 160,Local,6,13,30,92.5,Apache RTR,6,Fiero,Local,6,10
1016,Apache RTR - 160,Local,7,13,30,92.5,Apache RTR,7,Fiero,Local,7,10
1017,Apache RTR - 160,STD,STD,13,30,92.5,Apache RTR,STD,Fiero,STD,STD,10
1018,Apache RTR - 160,STD,1,13,30,92.5,Apache RTR,1,Fiero,STD,1,10
1019,Apache RTR - 160,STD,2,13,30,92.5,Apache RTR,2,Fiero,STD,2,10
1020,Apache RTR - 160,STD,3,13,30,92.5,Apache RTR,3,Fiero,STD,3,10
1021,Apache RTR - 160,STD,4,13,30,92.5,Apache RTR,4,Fiero,STD,4,10
1022,Apache RTR - 160,STD,5,13,30,92.5,Apache RTR,5,Fiero,STD,5,10
1023,Apache RTR - 160,STD,6,13,30,92.5,Apache RTR,6,Fiero,STD,6,10
1024,Apache RTR - 160,STD,7,13,30,92.5,Apache RTR,7,Fiero,STD,7,10
1025,Apache RTR - 180,Local,STD,13,30,92.5,Apache RTR,STD,Fiero,Local,STD,10
1026,Apache RTR - 180,Local,1,13,30,92.5,Apache RTR,1,Fiero,Local,1,10
1027,Apache RTR - 180,Local,2,13,30,92.5,Apache RTR,2,Fiero,Local,2,10
1028,Apache RTR - 180,Local,3,13,30,92.5,Apache RTR,3,Fiero,Local,3,10
1029,Apache RTR - 180,Local,4,13,30,92.5,Apache RTR,4,Fiero,Local,4,10
1030,Apache RTR - 180,Local,5,13,30,92.5,Apache RTR,5,Fiero,Local,5,10
1031,Apache RTR - 180,Local,6,13,30,92.5,Apache RTR,6,Fiero,Local,6,10
1032,Apache RTR - 180,Local,7,13,30,92.5,Apache RTR,7,Fiero,Local,7,10
1033,Apache RTR - 180,STD,STD,13,30,92.5,Apache RTR,STD,Fiero,STD,STD,10
1034,Apache RTR - 180,STD,1,13,30,92.5,Apache RTR,1,Fiero,STD,1,10
1035,Apache RTR - 180,STD,2,13,30,92.5,Apache RTR,2,Fiero,STD,2,10
1036,Apache RTR - 180,STD,3,13,30,92.5,Apache RTR,3,Fiero,STD,3,10
1037,Apache RTR - 180,STD,4,13,30,92.5,Apache RTR,4,Fiero,STD,4,10
1038,Apache RTR - 180,STD,5,13,30,92.5,Apache RTR,5,Fiero,STD,5,10
1039,Apache RTR - 180,STD,6,13,30,92.5,Apache RTR,6,Fiero,STD,6,10
1040,Apache RTR - 180,STD,7,13,30,92.5,Apache RTR,7,Fiero,STD,7,10
1041,Aviator,Local,STD,13,30,92.5,SZ Heat,STD,Access,Local,STD,10
1042,Aviator,Local,1,13,30,92.5,SZ Heat,1,Access,Local,1,10
1043,Aviator,Local,2,13,30,92.5,SZ Heat,2,Access,Local,2,10
1044,Aviator,Local,3,13,30,92.5,SZ Heat,3,Access,Local,3,10
1045,Aviator,Local,4,13,30,92.5,SZ Heat,4,Access,Local,4,10
1046,Aviator,Local,5,13,30,92.5,SZ Heat,5,Access,Local,5,10
1047,Aviator,Local,6,13,30,92.5,SZ Heat,6,Access,Local,6,10
1048,Aviator,Local,7,13,30,92.5,SZ Heat,7,Access,Local,7,10
1049,Aviator,STD,STD,13,30,92.5,SZ Heat,STD,Access,STD,STD,10
1050,Aviator,STD,1,13,30,92.5,SZ Heat,1,Access,STD,1,10
1051,Aviator,STD,2,13,30,92.5,SZ Heat,2,Access,STD,2,10
1052,Aviator,STD,3,13,30,92.5,SZ Heat,3,Access,STD,3,10
1053,Aviator,STD,4,13,30,92.5,SZ Heat,4,Access,STD,4,10
1054,Aviator,STD,5,13,30,92.5,SZ Heat,5,Access,STD,5,10
1055,Aviator,STD,6,13,30,92.5,SZ Heat,6,Access,STD,6,10
1056,Aviator,STD,7,13,30,92.5,SZ Heat,7,Access,STD,7,10
1057,Gixxer,Local,STD,13,30,92.5,Gixxer,STD,XCD -125,Local,STD,10
1058,Gixxer,Local,1,13,30,92.5,Gixxer,1,XCD -125,Local,1,10
1059,Gixxer,Local,2,13,30,92.5,Gixxer,2,XCD -125,Local,2,10
1060,Gixxer,Local,3,13,30,92.5,Gixxer,3,XCD -125,Local,3,10
1061,Gixxer,Local,4,13,30,92.5,Gixxer,4,XCD -125,Local,4,10
1062,Gixxer,Local,5,13,30,92.5,Gixxer,5,XCD -125,Local,5,10
1063,Gixxer,Local,6,13,30,92.5,Gixxer,6,XCD -125,Local,6,10
1064,Gixxer,Local,7,13,30,92.5,Gixxer,7,XCD -125,Local,7,10
1065,Gixxer,STD,STD,13,30,92.5,Gixxer,STD,XCD -125,STD,STD,10
1066,Gixxer,STD,1,13,30,92.5,Gixxer,1,XCD -125,STD,1,10
1067,Gixxer,STD,2,13,30,92.5,Gixxer,2,XCD -125,STD,2,10
1068,Gixxer,STD,3,13,30,92.5,Gixxer,3,XCD -125,STD,3,10
1069,Gixxer,STD,4,13,30,92.5,Gixxer,4,XCD -125,STD,4,10
1070,Gixxer,STD,5,13,30,92.5,Gixxer,5,XCD -125,STD,5,10
1071,Gixxer,STD,6,13,30,92.5,Gixxer,6,XCD -125,STD,6,10
1072,Gixxer,STD,7,13,30,92.5,Gixxer,7,XCD -125,STD,7,10
1073,Adreno,Local,STD,13,30,92.5,Adreno,STD,Adreno,Local,STD,10
1074,Adreno,Local,1,13,30,92.5,Adreno,1,Adreno,Local,1,10
1075,Adreno,Local,2,13,30,92.5,Adreno,2,Adreno,Local,2,10
1076,Adreno,Local,3,13,30,92.5,Adreno,3,Adreno,Local,3,10
1077,Adreno,Local,4,13,30,92.5,Adreno,4,Adreno,Local,4,10
1078,Adreno,Local,5,13,30,92.5,Adreno,5,Adreno,Local,5,10
1079,Adreno,Local,6,13,30,92.5,Adreno,6,Adreno,Local,6,10
1080,Adreno,Local,7,13,30,92.5,Adreno,7,Adreno,Local,7,10
1081,Adreno,STD,STD,13,30,92.5,Adreno,STD,Adreno,STD,STD,10
1082,Adreno,STD,1,13,30,92.5,Adreno,1,Adreno,STD,1,10
1083,Adreno,STD,2,13,30,92.5,Adreno,2,Adreno,STD,2,10
1084,Adreno,STD,3,13,30,92.5,Adreno,3,Adreno,STD,3,10
1085,Adreno,STD,4,13,30,92.5,Adreno,4,Adreno,STD,4,10
1086,Adreno,STD,5,13,30,92.5,Adreno,5,Adreno,STD,5,10
1087,Adreno,STD,6,13,30,92.5,Adreno,6,Adreno,STD,6,10
1088,Adreno,STD,7,13,30,92.5,Adreno,7,Adreno,STD,7,10
1089,Crux,Local,STD,13,30,92.5,Crux,STD,Crux,Local,STD,10
1090,Crux,Local,1,13,30,92.5,Crux,1,Crux,Local,1,10
1091,Crux,Local,2,13,30,92.5,Crux,2,Crux,Local,2,10
1092,Crux,Local,3,13,30,92.5,Crux,3,Crux,Local,3,10
1093,Crux,Local,4,13,30,92.5,Crux,4,Crux,Local,4,10
1094,Crux,Local,5,13,30,92.5,Crux,5,Crux,Local,5,10
1095,Crux,Local,6,13,30,92.5,Crux,6,Crux,Local,6,10
1096,Crux,Local,7,13,30,92.5,Crux,7,Crux,Local,7,10
1097,Crux,STD,STD,13,30,92.5,Crux,STD,Crux,STD,STD,10
1098,Crux,STD,1,13,30,92.5,Crux,1,Crux,STD,1,10
1099,Crux,STD,2,13,30,92.5,Crux,2,Crux,STD,2,10
1100,Crux,STD,3,13,30,92.5,Crux,3,Crux,STD,3,10
1101,Crux,STD,4,13,30,92.5,Crux,4,Crux,STD,4,10
1102,Crux,STD,5,13,30,92.5,Crux,5,Crux,STD,5,10
1103,Crux,STD,6,13,30,92.5,Crux,6,Crux,STD,6,10
1104,Crux,STD,7,13,30,92.5,Crux,7,Crux,STD,7,10
1105,Fiero,Local,STD,13,30,92.5,Fiero,STD,Fiero,Local,STD,10
1106,Fiero,Local,1,13,30,92.5,Fiero,1,Fiero,Local,1,10
1107,Fiero,Local,2,13,30,92.5,Fiero,2,Fiero,Local,2,10
1108,Fiero,Local,3,13,30,92.5,Fiero,3,Fiero,Local,3,10
1109,Fiero,Local,4,13,30,92.5,Fiero,4,Fiero,Local,4,10
1110,Fiero,Local,5,13,30,92.5,Fiero,5,Fiero,Local,5,10
1111,Fiero,Local,6,13,30,92.5,Fiero,6,Fiero,Local,6,10
1112,Fiero,Local,7,13,30,92.5,Fiero,7,Fiero,Local,7,10
1113,Fiero,STD,STD,13,30,92.5,Fiero,STD,Fiero,STD,STD,10
1114,Fiero,STD,1,13,30,92.5,Fiero,1,Fiero,STD,1,10
1115,Fiero,STD,2,13,30,92.5,Fiero,2,Fiero,STD,2,10
1116,Fiero,STD,3,13,30,92.5,Fiero,3,Fiero,STD,3,10
1117,Fiero,STD,4,13,30,92.5,Fiero,4,Fiero,STD,4,10
1118,Fiero,STD,5,13,30,92.5,Fiero,5,Fiero,STD,5,10
1119,Fiero,STD,6,13,30,92.5,Fiero,6,Fiero,STD,6,10
1120,Fiero,STD,7,13,30,92.5,Fiero,7,Fiero,STD,7,10
1121,K Nova,Local,STD,13,30,92.5,K Nova,STD,Crux,Local,STD,10
1122,K Nova,Local,1,13,30,92.5,K Nova,1,Crux,Local,1,10
1123,K Nova,Local,2,13,30,92.5,K Nova,2,Crux,Local,2,10
1124,K Nova,Local,3,13,30,92.5,K Nova,3,Crux,Local,3,10
1125,K Nova,Local,4,13,30,92.5,K Nova,4,Crux,Local,4,10
1126,K Nova,Local,5,13,30,92.5,K Nova,5,Crux,Local,5,10
1127,K Nova,Local,6,13,30,92.5,K Nova,6,Crux,Local,6,10
1128,K Nova,Local,7,13,30,92.5,K Nova,7,Crux,Local,7,10
1129,K Nova,STD,STD,13,30,92.5,K Nova,STD,Crux,STD,STD,10
1130,K Nova,STD,1,13,30,92.5,K Nova,1,Crux,STD,1,10
1131,K Nova,STD,2,13,30,92.5,K Nova,2,Crux,STD,2,10
1132,K Nova,STD,3,13,30,92.5,K Nova,3,Crux,STD,3,10
1133,K Nova,STD,4,13,30,92.5,K Nova,4,Crux,STD,4,10
1134,K Nova,STD,5,13,30,92.5,K Nova,5,Crux,STD,5,10
1135,K Nova,STD,6,13,30,92.5,K Nova,6,Crux,STD,6,10
1136,K Nova,STD,7,13,30,92.5,K Nova,7,Crux,STD,7,10
1137,Pep,Local,STD,13,30,92.5,Pep,STD,Pep,Local,STD,10
1138,Pep,Local,1,13,30,92.5,Pep,1,Pep,Local,1,10
1139,Pep,Local,2,13,30,92.5,Pep,2,Pep,Local,2,10
1140,Pep,Local,3,13,30,92.5,Pep,3,Pep,Local,3,10
1141,Pep,Local,4,13,30,92.5,Pep,4,Pep,Local,4,10
1142,Pep,Local,5,13,30,92.5,Pep,5,Pep,Local,5,10
1143,Pep,Local,6,13,30,92.5,Pep,6,Pep,Local,6,10
1144,Pep,Local,7,13,30,92.5,Pep,7,Pep,Local,7,10
1145,Pep,STD,STD,13,30,92.5,Pep,STD,Pep,STD,STD,10
1146,Pep,STD,1,13,30,92.5,Pep,1,Pep,STD,1,10
1147,Pep,STD,2,13,30,92.5,Pep,2,Pep,STD,2,10
1148,Pep,STD,3,13,30,92.5,Pep,3,Pep,STD,3,10
1149,Pep,STD,4,13,30,92.5,Pep,4,Pep,STD,4,10
1150,Pep,STD,5,13,30,92.5,Pep,5,Pep,STD,5,10
1151,Pep,STD,6,13,30,92.5,Pep,6,Pep,STD,6,10
1152,Pep,STD,7,13,30,92.5,Pep,7,Pep,STD,7,10
1153,YBX,Local,STD,13,30,92.5,YBX,STD,YBX,Local,STD,10
1154,YBX,Local,1,13,30,92.5,YBX,1,YBX,Local,1,10
1155,YBX,Local,2,13,30,92.5,YBX,2,YBX,Local,2,10
1156,YBX,Local,3,13,30,92.5,YBX,3,YBX,Local,3,10
1157,YBX,Local,4,13,30,92.5,YBX,4,YBX,Local,4,10
1158,YBX,Local,5,13,30,92.5,YBX,5,YBX,Local,5,10
1159,YBX,Local,6,13,30,92.5,YBX,6,YBX,Local,6,10
1160,YBX,Local,7,13,30,92.5,YBX,7,YBX,Local,7,10
1161,YBX,STD,STD,13,30,92.5,YBX,STD,YBX,STD,STD,10
1162,YBX,STD,1,13,30,92.5,YBX,1,YBX,STD,1,10
1163,YBX,STD,2,13,30,92.5,YBX,2,YBX,STD,2,10
1164,YBX,STD,3,13,30,92.5,YBX,3,YBX,STD,3,10
1165,YBX,STD,4,13,30,92.5,YBX,4,YBX,STD,4,10
1166,YBX,STD,5,13,30,92.5,YBX,5,YBX,STD,5,10
1167,YBX,STD,6,13,30,92.5,YBX,6,YBX,STD,6,10
1168,YBX,STD,7,13,30,92.5,YBX,7,YBX,STD,7,10
1169,Yamaha Gladiator,Local,STD,13,30,92.5,Yamaha Gladiator,STD,Yamaha Gladiator,Local,STD,10
1170,Yamaha Gladiator,Local,1,13,30,92.5,Yamaha Gladiator,1,Yamaha Gladiator,Local,1,10
1171,Yamaha Gladiator,Local,2,13,30,92.5,Yamaha Gladiator,2,Yamaha Gladiator,Local,2,10
1172,Yamaha Gladiator,Local,3,13,30,92.5,Yamaha Gladiator,3,Yamaha Gladiator,Local,3,10
1173,Yamaha Gladiator,Local,4,13,30,92.5,Yamaha Gladiator,4,Yamaha Gladiator,Local,4,10
1174,Yamaha Gladiator,Local,5,13,30,92.5,Yamaha Gladiator,5,Yamaha Gladiator,Local,5,10
1175,Yamaha Gladiator,Local,6,13,30,92.5,Yamaha Gladiator,6,Yamaha Gladiator,Local,6,10
1176,Yamaha Gladiator,Local,7,13,30,92.5,Yamaha Gladiator,7,Yamaha Gladiator,Local,7,10
1177,Yamaha Gladiator,STD,STD,13,30,92.5,Yamaha Gladiator,STD,Yamaha Gladiator,STD,STD,10
1178,Yamaha Gladiator,STD,1,13,30,92.5,Yamaha Gladiator,1,Yamaha Gladiator,STD,1,10
1179,Yamaha Gladiator,STD,2,13,30,92.5,Yamaha Gladiator,2,Yamaha Gladiator,STD,2,10
1180,Yamaha Gladiator,STD,3,13,30,92.5,Yamaha Gladiator,3,Yamaha Gladiator,STD,3,10
1181,Yamaha Gladiator,STD,4,13,30,92.5,Yamaha Gladiator,4,Yamaha Gladiator,STD,4,10
1182,Yamaha Gladiator,STD,5,13,30,92.5,Yamaha Gladiator,5,Yamaha Gladiator,STD,5,10
1183,Yamaha Gladiator,STD,6,13,30,92.5,Yamaha Gladiator,6,Yamaha Gladiator,STD,6,10
1184,Yamaha Gladiator,STD,7,13,30,92.5,Yamaha Gladiator,7,Yamaha Gladiator,STD,7,10
1185,Digital 135,Local,STD,13,30,92.5,Digital 135,STD,Digital 135,Local,STD,10
1186,Digital 135,Local,1,13,30,92.5,Digital 135,1,Digital 135,Local,1,10
1187,Digital 135,Local,2,13,30,92.5,Digital 135,2,Digital 135,Local,2,10
1188,Digital 135,Local,3,13,30,92.5,Digital 135,3,Digital 135,Local,3,10
1189,Digital 135,Local,4,13,30,92.5,Digital 135,4,Digital 135,Local,4,10
1190,Digital 135,Local,5,13,30,92.5,Digital 135,5,Digital 135,Local,5,10
1191,Digital 135,Local,6,13,30,92.5,Digital 135,6,Digital 135,Local,6,10
1192,Digital 135,Local,7,13,30,92.5,Digital 135,7,Digital 135,Local,7,10
1193,Digital 135,STD,STD,13,30,92.5,Digital 135,STD,Digital 135,STD,STD,10
1194,Digital 135,STD,1,13,30,92.5,Digital 135,1,Digital 135,STD,1,10
1195,Digital 135,STD,2,13,30,92.5,Digital 135,2,Digital 135,STD,2,10
1196,Digital 135,STD,3,13,30,92.5,Digital 135,3,Digital 135,STD,3,10
1197,Digital 135,STD,4,13,30,92.5,Digital 135,4,Digital 135,STD,4,10
1198,Digital 135,STD,5,13,30,92.5,Digital 135,5,Digital 135,STD,5,10
1199,Digital 135,STD,6,13,30,92.5,Digital 135,6,Digital 135,STD,6,10
1200,Digital 135,STD,7,13,30,92.5,Digital 135,7,Digital 135,STD,7,10
1201,CBZ - Extreme,Local,STD,13,30,92.5,CBZ - Extreme,STD,CBZ - Extreme,Local,STD,10
1202,CBZ - Extreme,Local,1,13,30,92.5,CBZ - Extreme,1,CBZ - Extreme,Local,1,10
1203,CBZ - Extreme,Local,2,13,30,92.5,CBZ - Extreme,2,CBZ - Extreme,Local,2,10
1204,CBZ - Extreme,Local,3,13,30,92.5,CBZ - Extreme,3,CBZ - Extreme,Local,3,10
1205,CBZ - Extreme,Local,4,13,30,92.5,CBZ - Extreme,4,CBZ - Extreme,Local,4,10
1206,CBZ - Extreme,Local,5,13,30,92.5,CBZ - Extreme,5,CBZ - Extreme,Local,5,10
1207,CBZ - Extreme,Local,6,13,30,92.5,CBZ - Extreme,6,CBZ - Extreme,Local,6,10
1208,CBZ - Extreme,Local,7,13,30,92.5,CBZ - Extreme,7,CBZ - Extreme,Local,7,10
1209,CBZ - Extreme,STD,STD,13,30,92.5,CBZ - Extreme,STD,CBZ - Extreme,STD,STD,10
1210,CBZ - Extreme,STD,1,13,30,92.5,CBZ - Extreme,1,CBZ - Extreme,STD,1,10
1211,CBZ - Extreme,STD,2,13,30,92.5,CBZ - Extreme,2,CBZ - Extreme,STD,2,10
1212,CBZ - Extreme,STD,3,13,30,92.5,CBZ - Extreme,3,CBZ - Extreme,STD,3,10
1213,CBZ - Extreme,STD,4,13,30,92.5,CBZ - Extreme,4,CBZ - Extreme,STD,4,10
1214,CBZ - Extreme,STD,5,13,30,92.5,CBZ - Extreme,5,CBZ - Extreme,STD,5,10
1215,CBZ - Extreme,STD,6,13,30,92.5,CBZ - Extreme,6,CBZ - Extreme,STD,6,10
1216,CBZ - Extreme,STD,7,13,30,92.5,CBZ - Extreme,7,CBZ - Extreme,STD,7,10
1217,Yamaha Ray,Local,STD,13,30,92.5,RAY,STD,Fascino,Local,STD,10
1218,Yamaha Ray,Local,1,13,30,92.5,RAY,1,Fascino,Local,1,10
1219,Yamaha Ray,Local,2,13,30,92.5,RAY,2,Fascino,Local,2,10
1220,Yamaha Ray,Local,3,13,30,92.5,RAY,3,Fascino,Local,3,10
1221,Yamaha Ray,Local,4,13,30,92.5,RAY,4,Fascino,Local,4,10
1222,Yamaha Ray,Local,5,13,30,92.5,RAY,5,Fascino,Local,5,10
1223,Yamaha Ray,Local,6,13,30,92.5,RAY,6,Fascino,Local,6,10
1224,Yamaha Ray,Local,7,13,30,92.5,RAY,7,Fascino,Local,7,10
1225,Yamaha Ray,STD,STD,13,30,92.5,RAY,STD,Fascino,STD,STD,10
1226,Yamaha Ray,STD,1,13,30,92.5,RAY,1,Fascino,STD,1,10
1227,Yamaha Ray,STD,2,13,30,92.5,RAY,2,Fascino,STD,2,10
1228,Yamaha Ray,STD,3,13,30,92.5,RAY,3,Fascino,STD,3,10
1229,Yamaha Ray,STD,4,13,30,92.5,RAY,4,Fascino,STD,4,10
1230,Yamaha Ray,STD,5,13,30,92.5,RAY,5,Fascino,STD,5,10
1231,Yamaha Ray,STD,6,13,30,92.5,RAY,6,Fascino,STD,6,10
1232,Yamaha Ray,STD,7,13,30,92.5,RAY,7,Fascino,STD,7,10
1233,Fascino,Local,STD,13,30,92.5,Fascino,STD,Fascino,Local,STD,10
1234,Fascino,Local,1,13,30,92.5,Fascino,1,Fascino,Local,1,10
1235,Fascino,Local,2,13,30,92.5,Fascino,2,Fascino,Local,2,10
1236,Fascino,Local,3,13,30,92.5,Fascino,3,Fascino,Local,3,10
1237,Fascino,Local,4,13,30,92.5,Fascino,4,Fascino,Local,4,10
1238,Fascino,Local,5,13,30,92.5,Fascino,5,Fascino,Local,5,10
1239,Fascino,Local,6,13,30,92.5,Fascino,6,Fascino,Local,6,10
1240,Fascino,Local,7,13,30,92.5,Fascino,7,Fascino,Local,7,10
1241,Fascino,STD,STD,13,30,92.5,Fascino,STD,Fascino,STD,STD,10
1242,Fascino,STD,1,13,30,92.5,Fascino,1,Fascino,STD,1,10
1243,Fascino,STD,2,13,30,92.5,Fascino,2,Fascino,STD,2,10
1244,Fascino,STD,3,13,30,92.5,Fascino,3,Fascino,STD,3,10
1245,Fascino,STD,4,13,30,92.5,Fascino,4,Fascino,STD,4,10
1246,Fascino,STD,5,13,30,92.5,Fascino,5,Fascino,STD,5,10
1247,Fascino,STD,6,13,30,92.5,Fascino,6,Fascino,STD,6,10
1248,Fascino,STD,7,13,30,92.5,Fascino,7,Fascino,STD,7,10
1249,XCD - 125,Local,STD,13,30,92.5,XCD 125,STD,XCD -125,Local,STD,10
1250,XCD - 125,Local,1,13,30,92.5,XCD 125,1,XCD -125,Local,1,10
1251,XCD - 125,Local,2,13,30,92.5,XCD 125,2,XCD -125,Local,2,10
1252,XCD - 125,Local,3,13,30,92.5,XCD 125,3,XCD -125,Local,3,10
1253,XCD - 125,Local,4,13,30,92.5,XCD 125,4,XCD -125,Local,4,10
1254,XCD - 125,Local,5,13,30,92.5,XCD 125,5,XCD -125,Local,5,10
1255,XCD - 125,Local,6,13,30,92.5,XCD 125,6,XCD -125,Local,6,10
1256,XCD - 125,Local,7,13,30,92.5,XCD 125,7,XCD -125,Local,7,10
1257,XCD - 125,STD,STD,13,30,92.5,XCD 125,STD,XCD -125,STD,STD,10
1258,XCD - 125,STD,1,13,30,92.5,XCD 125,1,XCD -125,STD,1,10
1259,XCD - 125,STD,2,13,30,92.5,XCD 125,2,XCD -125,STD,2,10
1260,XCD - 125,STD,3,13,30,92.5,XCD 125,3,XCD -125,STD,3,10
1261,XCD - 125,STD,4,13,30,92.5,XCD 125,4,XCD -125,STD,4,10
1262,XCD - 125,STD,5,13,30,92.5,XCD 125,5,XCD -125,STD,5,10
1263,XCD - 125,STD,6,13,30,92.5,XCD 125,6,XCD -125,STD,6,10
1264,XCD - 125,STD,7,13,30,92.5,XCD 125,7,XCD -125,STD,7,10
1265,TVS king,Local,STD,13,30,92.5,TVS king,STD,TVS king,Local,STD,10
1266,TVS king,Local,1,13,30,92.5,TVS king,1,TVS king,Local,1,10
1267,TVS king,Local,2,13,30,92.5,TVS king,2,TVS king,Local,2,10
1268,TVS king,Local,3,13,30,92.5,TVS king,3,TVS king,Local,3,10
1269,TVS king,Local,4,13,30,92.5,TVS king,4,TVS king,Local,4,10
1270,TVS king,Local,5,13,30,92.5,TVS king,5,TVS king,Local,5,10
1271,TVS king,Local,6,13,30,92.5,TVS king,6,TVS king,Local,6,10
1272,TVS king,Local,7,13,30,92.5,TVS king,7,TVS king,Local,7,10
1273,TVS king,STD,STD,13,30,92.5,TVS king,STD,TVS king,STD,STD,10
1274,TVS king,STD,1,13,30,92.5,TVS king,1,TVS king,STD,1,10
1275,TVS king,STD,2,13,30,92.5,TVS king,2,TVS king,STD,2,10
1276,TVS king,STD,3,13,30,92.5,TVS king,3,TVS king,STD,3,10
1277,TVS king,STD,4,13,30,92.5,TVS king,4,TVS king,STD,4,10
1278,TVS king,STD,5,13,30,92.5,TVS king,5,TVS king,STD,5,10
1279,TVS king,STD,6,13,30,92.5,TVS king,6,TVS king,STD,6,10
1280,TVS king,STD,7,13,30,92.5,TVS king,7,TVS king,STD,7,10
1281,Platina - 125,Local,STD,13,30,92.5,XCD 125,STD,XCD -125,Local,STD,10
1282,Platina - 125,Local,1,13,30,92.5,XCD 125,1,XCD -125,Local,1,10
1283,Platina - 125,Local,2,13,30,92.5,XCD 125,2,XCD -125,Local,2,10
1284,Platina - 125,Local,3,13,30,92.5,XCD 125,3,XCD -125,Local,3,10
1285,Platina - 125,Local,4,13,30,92.5,XCD 125,4,XCD -125,Local,4,10
1286,Platina - 125,Local,5,13,30,92.5,XCD 125,5,XCD -125,Local,5,10
1287,Platina - 125,Local,6,13,30,92.5,XCD 125,6,XCD -125,Local,6,10
1288,Platina - 125,Local,7,13,30,92.5,XCD 125,7,XCD -125,Local,7,10
1289,Platina - 125,STD,STD,13,30,92.5,XCD 125,STD,XCD -125,STD,STD,10
1290,Platina - 125,STD,1,13,30,92.5,XCD 125,1,XCD -125,STD,1,10
1291,Platina - 125,STD,2,13,30,92.5,XCD 125,2,XCD -125,STD,2,10
1292,Platina - 125,STD,3,13,30,92.5,XCD 125,3,XCD -125,STD,3,10
1293,Platina - 125,STD,4,13,30,92.5,XCD 125,4,XCD -125,STD,4,10
1294,Platina - 125,STD,5,13,30,92.5,XCD 125,5,XCD -125,STD,5,10
1295,Platina - 125,STD,6,13,30,92.5,XCD 125,6,XCD -125,STD,6,10
1296,Platina - 125,STD,7,13,30,92.5,XCD 125,7,XCD -125,STD,7,10
1297,H / Eterno,Local,STD,13,30,92.5,H / Eterno,STD,H / Eterno,Local,STD,10
1298,H / Eterno,Local,1,13,30,92.5,H / Eterno,1,H / Eterno,Local,1,10
1299,H / Eterno,Local,2,13,30,92.5,H / Eterno,2,H / Eterno,Local,2,10
1300,H / Eterno,Local,3,13,30,92.5,H / Eterno,3,H / Eterno,Local,3,10
1301,H / Eterno,Local,4,13,30,92.5,H / Eterno,4,H / Eterno,Local,4,10
1302,H / Eterno,Local,5,13,30,92.5,H / Eterno,5,H / Eterno,Local,5,10
1303,H / Eterno,Local,6,13,30,92.5,H / Eterno,6,H / Eterno,Local,6,10
1304,H / Eterno,Local,7,13,30,92.5,H / Eterno,7,H / Eterno,Local,7,10
1305,H / Eterno,STD,STD,13,30,92.5,H / Eterno,STD,H / Eterno,STD,STD,10
1306,H / Eterno,STD,1,13,30,92.5,H / Eterno,1,H / Eterno,STD,1,10
1307,H / Eterno,STD,2,13,30,92.5,H / Eterno,2,H / Eterno,STD,2,10
1308,H / Eterno,STD,3,13,30,92.5,H / Eterno,3,H / Eterno,STD,3,10
1309,H / Eterno,STD,4,13,30,92.5,H / Eterno,4,H / Eterno,STD,4,10
1310,H / Eterno,STD,5,13,30,92.5,H / Eterno,5,H / Eterno,STD,5,10
1311,H / Eterno,STD,6,13,30,92.5,H / Eterno,6,H / Eterno,STD,6,10
1312,H / Eterno,STD,7,13,30,92.5,H / Eterno,7,H / Eterno,STD,7,10
1313,Achiever,Local,STD,13,30,92.5,Achiever,STD,Achiever,Local,STD,10
1314,Achiever,Local,1,13,30,92.5,Achiever,1,Achiever,Local,1,10
1315,Achiever,Local,2,13,30,92.5,Achiever,2,Achiever,Local,2,10
1316,Achiever,Local,3,13,30,92.5,Achiever,3,Achiever,Local,3,10
1317,Achiever,Local,4,13,30,92.5,Achiever,4,Achiever,Local,4,10
1318,Achiever,Local,5,13,30,92.5,Achiever,5,Achiever,Local,5,10
1319,Achiever,Local,6,13,30,92.5,Achiever,6,Achiever,Local,6,10
1320,Achiever,Local,7,13,30,92.5,Achiever,7,Achiever,Local,7,10
1321,Achiever,STD,STD,13,30,92.5,Achiever,STD,Achiever,STD,STD,10
1322,Achiever,STD,1,13,30,92.5,Achiever,1,Achiever,STD,1,10
1323,Achiever,STD,2,13,30,92.5,Achiever,2,Achiever,STD,2,10
1324,Achiever,STD,3,13,30,92.5,Achiever,3,Achiever,STD,3,10
1325,Achiever,STD,4,13,30,92.5,Achiever,4,Achiever,STD,4,10
1326,Achiever,STD,5,13,30,92.5,Achiever,5,Achiever,STD,5,10
1327,Achiever,STD,6,13,30,92.5,Achiever,6,Achiever,STD,6,10
1328,Achiever,STD,7,13,30,92.5,Achiever,7,Achiever,STD,7,10
1329,Access,Local,STD,13,30,92.5,Access,STD,Access,Local,STD,10
1330,Access,Local,1,13,30,92.5,Access,1,Access,Local,1,10
1331,Access,Local,2,13,30,92.5,Access,2,Access,Local,2,10
1332,Access,Local,3,13,30,92.5,Access,3,Access,Local,3,10
1333,Access,Local,4,13,30,92.5,Access,4,Access,Local,4,10
1334,Access,Local,5,13,30,92.5,Access,5,Access,Local,5,10
1335,Access,Local,6,13,30,92.5,Access,6,Access,Local,6,10
1336,Access,Local,7,13,30,92.5,Access,7,Access,Local,7,10
1337,Access,STD,STD,13,30,92.5,Access,STD,Access,STD,STD,10
1338,Access,STD,1,13,30,92.5,Access,1,Access,STD,1,10
1339,Access,STD,2,13,30,92.5,Access,2,Access,STD,2,10
1340,Access,STD,3,13,30,92.5,Access,3,Access,STD,3,10
1341,Access,STD,4,13,30,92.5,Access,4,Access,STD,4,10
1342,Access,STD,5,13,30,92.5,Access,5,Access,STD,5,10
1343,Access,STD,6,13,30,92.5,Access,6,Access,STD,6,10
1344,Access,STD,7,13,30,92.5,Access,7,Access,STD,7,10